Country	Bank	Year	Interest_income	Interest_expenses	Net_non_interest_income	Operating_expenses	Net_provisions	Income_tax	Distributed_profit	Retained_profit	Cash_and_balance_with_Central_bank	Interbank_deposits_asset	Loans	Securities	Other_assets	Capital_and_reserves	Borrowing_from_Central_bank	Interbank_deposits_liab	Customer_deposits	Bonds	Other_liabilities	Number_of_institutions	Number_of_branches	Number_of_employees
Canada	Commercial_banks	1999	76301	51788	26931	33518	3177	4542	3470	6736	5599	87982	806929	290015	176682	69804	302	151256	772629	25458	347758	53	NA	NA
Canada	Commercial_banks	2000	85474	59487	33016	38757	4310	5003	3483	7450	5170	78302	874450	334953	211188	79105	298	139028	891730	28833	365069	53	NA	NA
Canada	Commercial_banks	2001	86333	56558	33851	42364	6436	3348	4296	7182	6366	78041	927022	376448	259709	87090	126	143936	948067	28652	439715	45	NA	NA
Canada	Commercial_banks	2002	68692	35553	30884	43299	9432	2325	4359	4610	5374	83387	929671	380198	263046	89144	574	123958	995063	25586	427351	44	NA	NA
Canada	Commercial_banks	2003	66578	33460	31789	43090	4123	4297	5570	7825	5291	84908	918859	432109	251765	92306	710	128601	1001131	24307	445877	42	NA	NA
Canada	Commercial_banks	2004	64220	30789	33786	44224	1536	5489	5828	10140	4692	74137	970266	454888	276371	96407	2	123209	1060144	25500	475092	41	NA	NA
Canada	Commercial_banks	2005	74207	41214	37321	49072	2160	5369	6738	6975	5199	90752	1074978	526730	281432	103786	47	143046	1178477	28046	525689	43	NA	NA
Canada	Commercial_banks	2006	92969	59806	41927	46485	2406	5466	7712	13022	5677	95678	1197294	620429	290629	116320	27	160537	1301011	27873	603939	45	NA	NA
Canada	Commercial_banks	2007	110557	74941	42650	49054	3444	4746	9034	11988	6063	107972	1309080	640882	375437	126815	27	159194	1437680	30406	685312	45	NA	NA
Canada	Commercial_banks	2008	109857	67913	29676	50202	6818	1078	10360	3162	7817	118941	1507927	660165	599549	151864	111	145722	1727770	40770	828162	45	NA	NA
Canada	Commercial_banks	2009	89277	40549	41127	56541	13151	4352	11494	4320	18979	103423	1482755	726958	440323	169841	3	110374	1720804	38735	732681	49	NA	NA
Denmark	Commercial_banks	2004	70228.04	40339.487	27416.685	28051.486	1956.775	7268.256	10159.832	9868.889	140663.147	350383.939	975808.685	671372.768	227445.353	124166.283	160736.008	519106.639	932958.91	236066.749	392639.303	51	1480	34155
Denmark	Commercial_banks	2005	88787.582	56997.117	29083.398	28781.208	744.971	7292.69	NA	NA	194672.274	440380.132	1227355.93	571595.674	380695.937	147825.677	210621	557108	1062954.018	317982.966	518208.286	52	1424	35170
Denmark	Commercial_banks	2006	112239.798	81717.453	38884.581	31496.382	609.314	8010.443	NA	NA	142285.955	464664.053	1541645.217	761281.858	237408.855	186268.831	283469	702332	1158216.015	376209.457	440790.635	53	1421	34363
Denmark	Commercial_banks	2007	156582.915	120540.375	38771.13	36538.777	2524.272	6339.491	NA	NA	196264.285	528827.778	1960278.498	877279.52	366289.83	211038.29	351786	855504	1467149.812	442078.555	601383.254	55	1366	37347
Denmark	Commercial_banks	2008	187682.661	142309.856	23405.861	41253.711	30914.677	79.073	NA	NA	121659.229	436748.814	2086511.24	978408.183	826514.394	202928.725	498056.648	622912.38	1514734.731	574643.333	1036566.043	55	1304	40015
Denmark	Commercial_banks	2009	131398.156	70219.55	30765.941	47196.584	55978.645	485.251	NA	NA	156582.054	431307.371	1818109.614	1106501.867	546452.095	213286.66	185632.977	634323.752	1485345.48	663938.923	876425.228	53	1213	38394
Finland	Commercial_banks	1999	3295.34	2043.945	660.035	1259.314	-13.04	94.464	125.697	444.995	4884.439	21770.199	39828.216	16350.53	5102.917	4526.543	1063.951	13899.808	35692.058	5155.447	27598.493	9	489	15144
Finland	Commercial_banks	2000	4419.356	2900.919	1079.273	1311.184	36.973	335.382	469.956	444.215	2112.818	27157.523	48496.456	16722.851	5258.45	5072.16	454.527	18360.471	36739.83	9709.133	29411.975	9	495	15423
Finland	Commercial_banks	2001	4952.66	3488.287	3795.046	1423.632	13.064	12.776	1176.528	2633.419	3405.82	37177.58	45269.211	23256.944	6101.74	12593.647	1193.695	22595.958	39358.421	7693.424	31776.149	9	515	15646
Finland	Commercial_banks	2002	3772.487	2529.598	1229.662	1408.317	31.862	205.669	1173.823	-347.119	3538.245	32735.681	47665.283	21990.315	5558.209	11987.942	849.002	17470.494	39476.259	6900.632	34803.403	11	513	15341
Finland	Commercial_banks	2003	3097.517	1771.574	2654.422	1696.989	70.665	-211.923	200.713	2223.921	2049.035	41730.249	52376.584	11289.036	21910.826	13160.382	1848.773	16923.734	41916.741	6826.895	48679.206	11	503	14415
Finland	Commercial_banks	2004	3382.758	1863.313	1075.167	1405.67	55.561	48.49	200.423	884.468	3005.895	45138.952	59824.416	11211.528	31446.963	13550.132	2347.812	21543.084	43536.955	9388.854	60260.918	11	476	14017
Finland	Commercial_banks	2005	4515.667	2785.523	942.59	1209.365	-8.884	-171.369	311.616	1332.005	3587.157	50390.406	69279.605	13510.632	33531.223	15388.015	3261.909	23659.161	48296.299	13612.389	66081.251	12	511	14111
Finland	Commercial_banks	2006	6378.631	4337.735	1342.195	1315.933	87.016	406.033	4260.842	-2686.733	3688.715	59417.939	77666.93	14509.092	29082.214	16836.748	1960.965	31821.267	50349.656	20019.793	63376.461	13	507	14444
Finland	Commercial_banks	2007	8504.711	6331.102	2074.079	1500.343	95.602	471.608	1043.471	1136.663	5826.366	58426.524	89490.666	17065.529	36986.211	14946.997	923.25	30722.67	60057.735	19970.214	81174.429	14	487	15113
Finland	Commercial_banks	2008	10731.304	7832.566	578.164	1590.326	89.426	406.251	1387.702	3.198	6567.44	63529.995	104862.608	19801.877	102261.047	15758.61	5198.747	42742.843	71293.224	19290.39	142739.153	15	565	16295
Finland	Commercial_banks	2009	5837.372	3395.19	917.191	1695.957	87.44	397.578	765.489	412.91	11888.051	75822.254	100582.849	25308.328	83708.738	16141.238	3856.793	52127.561	71030.501	18041.744	136112.383	15	539	15561
France	Commercial_banks	1999	101202.21	89285.88	24173.54	25495.73	1855.46	1557.57	3992.33	3188.93	21496.53	647507.38	592492.95	495927.17	259810.63	86601.41	1033.15	770668.05	457137.28	345564.57	356230.06	362	9794	202000
France	Commercial_banks	2000	129508.18	117286.65	29660.48	28187.21	2716.79	1200.84	5050.33	4726.99	20172	592733	699774	489336	290628	81283	3741	735356	487568	420411	364284	360	9964	204990
France	Commercial_banks	2001	131758	119508	31429	28348	3787	1350	5571	4624	27311	637429	759514	529763	340363	86774	2167	744985	588512	456653	415290	296	9951	207710
France	Commercial_banks	2002	112147	97577	27395	28382	3714	643	5665	3561	32339	675426	741480	546288	238400	91513	1498	773741	584422	443178	339582	284	10161	212432
France	Commercial_banks	2003	90115	75090	28270	29108	4170	1228	6673	2118	31251	703045	749399	609503	244745	95859	2146	784658	611661	471320	372299	273	10258	211953
France	Commercial_banks	2004	94199.508	80872.526	31400.62	29395.095	1161.721	1919.492	8557.219	3694.075	33523.306	782476.284	830219.482	748968.247	328141.246	95327.806	2327.765	906767.993	672867.452	536598.502	509439.045	235	11025	207354
France	Commercial_banks	2005	115194.068	100461.809	33119.576	32431.449	213.085	1123.891	10290.348	3793.062	19911.132	990173.888	1016058.782	1004797.348	533392.838	97835.523	3004.686	1137928.87	871835.495	615380.76	838348.635	227	11043	214719
France	Commercial_banks	2006	153914.613	142215.173	51394.439	39490.35	840.913	2709.84	14039.965	6012.811	21394.303	1165813.29	1140659.675	1165080.718	643070.808	127266.17	3867.872	1371216.36	932322.842	737030.949	964314.613	223	23777	238652
France	Commercial_banks	2007	209121.173	200295.385	42477.164	41301.605	2646.848	-852.216	8593.77	-387.055	42995.723	1334127.214	1373034.509	1342187.718	858505.973	131579.946	4631.229	1650768.655	1097604.853	910922.889	1155343.566	219	23344	257186
France	Commercial_banks	2008	223169.834	204262.638	18425.579	42150.706	8998.234	-3016.322	4587.783	-15387.626	90662.569	1326289.007	1427938.689	1228011.751	1261565.775	146775.254	5084.916	1706095.317	1229971.764	832590.916	1413949.624	214	22981	258004
France	Commercial_banks	2009	143378.532	116318.039	39604.13	42496.582	11831.137	1612.082	5937.367	4787.455	74098.141	1261810.97	1389852.471	1164929.173	1167035.019	154747.22	18670.289	1398205.21	1314933.863	794224.27	1376944.908	205	22425	254045
Germany	Commercial_banks	1999	88921	63298	14410	30606	2665	1855	3713	1194	29238.23	358113.95	905843.04	393499.95	114974.21	82274.02	19815.12	498695.18	771262.84	290748.17	138874.03	203	6795	221650
Germany	Commercial_banks	2000	115872	90321	20906	36466	3689	682	4481	1139	30166	420783	1077198	483121	136189	94320	34802	598420	911251	341201	167463	204	6440	223500
Germany	Commercial_banks	2001	119427	92359	18914	38753	3069	402	1721	2037	27220	515849	1138913	524012	131563	99306	54215	677928	970003	377522	158583	199	5563	220700
Germany	Commercial_banks	2002	100568	69893	11801	35722	5896	831	796	-769	28901	466387	1069617	525050	107632	102211	72705	646821	921356	284747	169747	190	5105	209850
Germany	Commercial_banks	2003	85126	58957	12316	34271	10028	264	-415	-5663	27993	473359	1055772	504932	90170	96411	93638	640838	924167	250907	146265	177	5082	192900
Germany	Commercial_banks	2004	84372	55065	8683	33207	5204	799	-605	-615	22718	551580	1125941	603636	104650	88454	96219	741049	1059538	264582	158683	168	14667	192550
Germany	Commercial_banks	2005	101525	69056	21433	35088	989	5128	4105	8592	26523	544774	1191915	638586	87700	91448	88523	717908	1110245	306222	175152	163	13972	190700
Germany	Commercial_banks	2006	115615	81142	17239	36773	4919	1851	5302	2867	25887	562897	1256837	679932	98040	99160	113992	705101	1185218	322630	197492	163	11475	186700
Germany	Commercial_banks	2007	139372	101452	16062	37448	-1993	3372	9376	5779	36866	650513	1411205	710561	130984	105153	91692	783138	1367906	365319	226921	164	11196	190250
Germany	Commercial_banks	2008	138952	103464	-3450	35231	13339	-524	689	-16697	75690	640072	1248087	627859	189377	123455	108247	664439	1300360	328306	256278	169	11192	189400
Germany	Commercial_banks	2009	87672	55127	9345	37925	10654	-227	2105	-8566	55307	575678	1138431	584124	130521	116476	35817	565372	1228449	336029	201918	174	11393	181900
Greece	Commercial_banks	1999	8493	5975	3484	2497	672	587	681	1563	16314	9705	37915	35789	3918	10246	2482	5512	70137	237	15027	16	2070	47000
Greece	Commercial_banks	2000	10794	7363	2754	3296	510	611	795	973	16670	13023	60702	42453	5761	12390	691	10707	88098	140	26584	17	2670	53000
Greece	Commercial_banks	2001	8675	4786	2191	3551	510	564	804	651	10086	14471	72373	48204	6682	14095	72	9689	97532	127	30303	20	2766	52000
Greece	Commercial_banks	2002	8225	4328	1472	3659	644	300	439	326	4824	18981	86167	47458	6813	10859	2753	17820	102746	319	29746	19	2931	54000
Greece	Commercial_banks	2003	8039	3445	1621	3895	853	393	615	459	5433	20253	99041	41889	7202	11888	4313	19467	113222	2888	22040	20	2952	54415
Greece	Commercial_banks	2004	8247	3244	1550	4299	1099	569	538	48	6636	18869	112730	39290	6599	8979	2232	16857	135566	9731	10759	21	3048	52503
Greece	Commercial_banks	2005	10098	4392	1871	4156	1184	458	669	1110	7957	23602	133950	47821	10397	12724	2741	31627	145811	17634	13190	21	3116	53750
Greece	Commercial_banks	2006	14263	7379	2629	4975	1575	916	1468	580	6089	28539	146292	65134	26771	18194	8958	34695	181596	778	28604	21	3265	54998
Greece	Commercial_banks	2007	19077	11485	2973	5562	1337	671	1377.7	1617.3	9018	51843	174280	71081	30113	21935	10812	55550	219048	1056	27934	19	3431	56773
Greece	Commercial_banks	2008	24289	16120	1659	5895	2886	384	0	663	14813.127	75071.157	191888.345	92798.697	41313.963	20991.841	36048.845	65429.628	251486.122	5930.188	35998.665	19	3647	56901
Greece	Commercial_banks	2009	19239	11242	2693	6140	4485	420	0	-355	8983.836	98933.318	187504.781	109238.345	39559.934	29870.692	50382.019	75558.764	248560.422	6273.405	33574.912	19	3128	52732
Hungary	Commercial_banks	1999	850342	580789	64994	267018	33356	12638	16187	5348	1545241	799211	3161049	1243182	363973	663993	109305	1015027	4727248	117254	479829	41	1172	28094
Hungary	Commercial_banks	2000	771385	466955	80923	289194	-3509	19136	17779	62753	1418308	742553	4181712	1415328	373144	764887	83490	1217051	5444638	144625	476354	40	1131	26544
Hungary	Commercial_banks	2001	785162	444013	113277	301694	19682	25723	25586	81741	1136471	984029	4907343	1647251	377751	860590	32826	1320762	6151762	166785	520120	39	1125	25967
Hungary	Commercial_banks	2002	843616	458653	138154	341429	27597	27519	17182	109390	1133213	801975	6082817	1716725	450130	996618	16058	1394137	6762266	458891	556890	36	1138	26587
Hungary	Commercial_banks	2003	1049679	597059	194023	389732	44759	37789	37649	136714	876091	862959	8124919	2408977	587749	1208472	8138	2401210	7495817	1097741	649317	36	1162	27167
Hungary	Commercial_banks	2004	1438905	889324	229676	417949	39340	46894	95860	179214	1266779	1072894	9482601	2340326	749304	1392633	8509	2917076	8217654	1482613	893419	35	1139	27190
Hungary	Commercial_banks	2005	1388809	765335	264152	469792	36752	66703	137188	177191	1988021	893114	11370654	2478465	838356	1581077	3135	3683276	9452084	1765196	1083842	35	1225	28826
Hungary	Commercial_banks	2006	1514894	817100	342721	525547	89098	69075	171566	185229	1893591	1174403	13462093	2972755	1260637	1895838	0	4274768	10876634	2030054	1686185	37	1376	31242
Hungary	Commercial_banks	2007	1846207	1128778	352849	587095	92933	65576	65777	258897	1258518	1188085	16439223	3932035	1557851	2204633	0	5910706	11995954	2441463	1822956	37	1533	33302
Hungary	Commercial_banks	2008	2196523	1482580	346721	642276	137157	44610	62510	174111	1106002	935568	19874675	5302133	1959500	2418907	149000	7695105	13412743	3024260	2477863	36	1673	34585
Hungary	Commercial_banks	2009	2464386	1708017	449040	588036	371263	37025	64276	144809	844962	1339516	18194247	7214981	1402667	2618352	0	7677081	13694168	3117955	1888817	35	1715	30968
Korea	Commercial_banks	1999	36077000	25441000	-2101000	6446000	7654000	430000	191000	-6187000	24169000	12496000	225020000	125564000	65189000	21655000	7183000	1210000	286611000	20709000	115070000	17	4844	74700
Korea	Commercial_banks	2000	40834000	28066000	2197000	6868000	10401000	536000	392000	-3232000	24011000	11064000	300440000	130153000	50891000	22067000	6492000	1589000	348813000	24669000	112929000	17	4770	70600
Korea	Commercial_banks	2001	35131000	22331000	3223000	6542000	5670000	239000	415000	3157000	26768000	5372000	342284000	139080000	44643000	26308000	9289000	517000	391165000	27404000	103464000	15	4755	68400
Korea	Commercial_banks	2002	36970000	20704000	1909000	8247000	5803000	772000	899000	2454000	22195000	4553000	429930000	132272000	47596000	29661000	5609000	1108000	441889000	50959000	107320000	14	4990	66900
Korea	Commercial_banks	2003	40548000	21291000	1680000	9257000	11049000	-40000	696000	-25000	28832000	5232000	483859000	132815000	46543000	31720000	7419000	355000	480375000	64205000	113207000	14	5038	67900
Korea	Commercial_banks	2004	40683000	20365000	3791000	10119000	7324000	293000	440000	5934000	22339000	5137000	501886000	131296000	57887000	39078000	6658000	488000	476126000	81890000	114305000	14	5024	68200
Korea	Commercial_banks	2005	40916000	19377000	4463000	11345000	3758000	1679000	1521000	7700000	28258000	7023000	537130000	151807000	50607000	51022000	6690000	529000	509741000	84069000	122774000	14	5125	66900
Korea	Commercial_banks	2006	45848000	23711000	5813000	12030000	3847000	3282000	2956000	5835000	36552000	6693000	620530000	152021000	58001000	59630000	6533000	166000	552784000	106560000	148124000	13	5385	67300
Korea	Commercial_banks	2007	55095000	30852000	7192000	13567000	2918000	4742000	2271000	7937000	33734000	9243000	698913000	150846000	73114000	65586000	4084000	174000	582556000	135620000	177830000	13	5515	73000
Korea	Commercial_banks	2008	67051000	40053000	3132000	13871000	7582000	2581000	161000	5935000	48482000	15093000	793722000	170502000	150277000	71039000	7328000	0	683455000	152955000	263300000	13	5677	74800
Korea	Commercial_banks	2009	57589481	33439034	3763893	13585175	8177330	1110572	1338987.86	3702275.14	41177876	11335395	789507519	184742208	99429174	79540479	7485785	187674	729615036	129016192	180347006	13	5669	75639
Mexico	Commercial_banks	1999	322242	251196	43399	69031	32976	3067	0	9371	73338	124991	819007	219425	140424	109687	36672	203969	965175	NA	61682	38	6891	115085
Mexico	Commercial_banks	2000	313459.059	235582.371	29598.706	77698.353	14924.626	2858.095	32.871	11961.449	91543.705	133352.065	1032271.63	595300.474	179235.998	144569.644	80856.125	186893.462	1015379.513	29457.489	574547.637	37	7039	109568
Mexico	Commercial_banks	2001	250008.767	174348.789	31087.613	72916.335	17750.714	2821.668	1750.204	11508.669	121738.716	174240.884	970242.382	708369.869	311527.764	150960.714	58382.495	153460.453	1174746.385	23622.168	724947.4	32	6511	99659
Mexico	Commercial_banks	2002	198784.022	123171.173	38009.391	76667.66	17953.553	6369.834	119.042	12512.151	206970.81	47869.979	984251.66	701134.986	423126.435	186852.747	70055.904	111607.74	1135170.362	20186.087	839481.029	34	6986	102536
Mexico	Commercial_banks	2003	186517.259	106742.646	56778.983	81325.121	14303.833	8724.933	551.593	31648.115	261532.995	41505.158	986241.267	793186.606	412881.747	212217.463	54877.205	117605.942	1270542.514	13551.964	826552.686	32	7737	114957
Mexico	Commercial_banks	2004	215583.287	111920.824	47110.79	90825.809	11569.949	16114.184	1827.027	30436.284	317708.748	69875.111	1077041.092	989322.242	366122.887	234857.593	80283.002	135024.579	1417294.544	14136.578	938473.785	27	7796	117465
Mexico	Commercial_banks	2005	301408.02	167807.087	64316.067	103835.301	17527.176	19854.557	4162.426	52537.54	289453.945	132864.617	1154985.408	1146178.689	494853.339	282063.127	44799.426	113687.375	1509499.067	23949.64	1244337.362	27	7991	127272
Mexico	Commercial_banks	2006	321014.58	152805.888	82794.912	120085.355	28678.348	23708.839	3160.743	75370.318	363707.689	81165.316	1385629.766	1306594.289	514219.899	347266.331	15915.151	117407.306	1622190.695	41085.707	1507451.769	30	8414	134611
Mexico	Commercial_banks	2007	377397.03	172339.16	91677.547	138895.578	59321.364	15034.443	4259.378	79224.655	362516.933	130385.33	1697622.988	1544480.275	509868.167	407900.877	2925.624	122794.026	1853443.524	86682.275	1771127.367	39	9464	146587
Mexico	Commercial_banks	2008	440144.535	205844.079	91084.708	153379.616	103211.336	10802.149	2057.149	55934.913	462825.215	202113.606	1893106.756	1509713.804	875745.162	453721.02	47182.883	129263.223	2163686.507	138826.454	2010824.455	42	10635	157640
Mexico	Commercial_banks	2009	395915.562	159861.569	110218.829	158763.746	107014.322	14730.661	3524.603	62239.49	453735.694	110554.253	1968554.08	1590692.807	705001.366	516375.555	44008.181	127159.812	2222486.771	151189.26	1767318.621	41	10899	161081
Norway	Commercial_banks	1999	45709	32373	5781	11917	164	1082	4836	1118	26766	32566	506796	71169	49481	45205	19877	79301	354896	111431	76068	22	466	12697
Norway	Commercial_banks	2000	53487	38507	8706	14713	738	1797	4603	1835	18091	54142	572814	75933	53420	49383	18721	101568	383235	128419	93077	22	411	12301
Norway	Commercial_banks	2001	62967	46423	8183	15728	2957	244	6208	-410	20604	48787	620201	82500	54161	49661	10270	112074	423174	135312	95762	22	388	12250
Norway	Commercial_banks	2002	59406	42181	6173	15639	4796	949	3674	-1660	49921	36507	652856	79709	68385	49207	358	150385	447515	127399	112514	23	376	12336
Norway	Commercial_banks	2003	53243	35664	6833	15782	4182	778	3075	595	13861	68773	699379	91873	106282	50907	11393	163019	453794	157286	143768	22	395	11479
Poland	Commercial_banks	1999	34426	21703	8133	13038	3052	1794	538	2712	16106	47131	165607	85281	33908	29013	5736	33810	228593	1245	49636	77	2235	149638
Poland	Commercial_banks	2000	50237	34680	10399	16052	4377	1618	630	3367	15863	73527	183495	93655	43905	34185	5532	46278	263026	2078	59346	73	2449	144237
Poland	Commercial_banks	2001	48197	34383	13333	16548	5298	1383	1413	2622	28317	73170	197624	94718	54372	41053	4487	35768	292121	2762	72010	69	2879	138822
Poland	Commercial_banks	2002	33831	19442	12459	16990	6527	1348	1286	2488	20863	58477	203003	103925	56854	45339	2758	31036	286456	3793	73740	59	3040	131878
Poland	Commercial_banks	2003	25778	12122	11364	16932	3987	1764	1478	2357	18461	70826.216	221801.237	111539.74	40648.807	46847	2380	32012	294634	5237	82167	58	3119	124093
Poland	Commercial_banks	2004	28121.137	13149.151	12191.37	17535.387	2294.87	1494.51	4146	2773	19242	87273.4	229350.2	114279.3	59610.6	49664.6	2157.9	35194.9	311287.9	6516.9	104933.3	57	3707	122005
Poland	Commercial_banks	2005	31645.404	14872.686	13143.85	18089.407	1516.249	1713.784	5156	4314	16994.2	98813.6	250898.1	132217.9	53592.4	51674.1	2506.5	44155.6	338160.4	9396	106623.6	61	3717	124689
Poland	Commercial_banks	2006	32526.232	13625.086	14381.159	19287.58	1589.245	2211.644	5636.9	4546.5	22054.826	100386.703	313561.356	139749.87	63913.428	55376.427	4950.23	54802.501	380364.704	15910.452	128261.869	63	3782	129027
Poland	Commercial_banks	2007	40180.111	18037.724	17303.944	21939.743	1640.324	2877.986	4531.2	8457.078	26991.211	83833.728	413991.381	133041.691	85994.795	63865.14	3041.072	67544.951	431180.058	12392.989	165828.596	64	4148	137024
Poland	Commercial_banks	2008	54007.775	28727.311	20290.424	24915.824	4991.694	2886.481	255.538	12521.351	38026.571	52673.012	621900.857	181211.712	84350.168	89713.58	18199.255	90026.219	541119.955	3692.762	235410.549	70	4604	150447
Poland	Commercial_banks	2009	51636.71	27676.867	22820.753	25244.474	11862.05	1774.883	2685.724	5213.464	49013.011	25562.343	658131.951	221907.417	40729.147	106500.361	14516.104	86047.277	600073.014	10778.844	177428.27	67	4995	142837
Portugal	Commercial_banks	1999	12428	7833	2029	3876	951	262	NA	NA	9592	67935	115502	37182	12012	26003	2405	79309	113451	14159	6896	45	4735	57239
Portugal	Commercial_banks	2000	15799	11102	2333	4156	257	306	NA	NA	8296	59256	140232	39953	14531	29631	1800	80349	122520	19564	8403	42	4895	53843
Portugal	Commercial_banks	2001	17519	12413	2169	4153	998	301	NA	NA	8808	63823	157473	38632	15927	33651	597	85062	129642	27220	8492	42	4804	51537
Portugal	Commercial_banks	2002	15142.577	10069.119	2034.616	4369.185	819.647	232.962	NA	NA	7568.087	62182.356	168437.222	36272.942	16352.223	35675.116	30.716	85353.381	129024.128	31899.299	8830.194	45	4714	52367
Portugal	Commercial_banks	2003	14298.938	9355.424	3140.545	4358.647	1614.655	261.638	NA	NA	14081.734	66617.738	170900.307	43721.79	15998.564	37988.619	392.226	88772.129	132521.337	42217.269	9428.553	46	4754	50893
Portugal	Commercial_banks	2004	13292.421	8341.825	2760.6	4235.826	1674.273	145.864	NA	NA	7178.778	54439.356	176200.347	46919.973	15950.375	36482.782	3057.135	71674.486	136912.544	43417.465	9144.416	40	4606	49497
Portugal	Commercial_banks	2005	15255.528	10134.716	4369.816	5665.938	1772.12	207.639	NA	NA	5712.836	57158.517	199872.282	45216.247	17551.743	34800.17	5531.328	80496.127	144822.467	34631.712	25229.819	39	4736	49834
Portugal	Commercial_banks	2006	18949.546	13062.38	4553.852	5707.725	1719.477	535.996	NA	NA	6337.461	63800.468	218284.053	45098.4	19065.702	38868.032	66.587	94342.506	150174.158	40273.407	28861.394	39	4896	53939
Portugal	Commercial_banks	2007	24519.033	17964.409	4721.314	6170.859	1823.048	575.976	NA	NA	9851.449	64093.016	248444.552	49754.674	20359.403	41000.405	2472.494	101578.514	160080.192	52788.696	34582.793	40	5279	56658
Portugal	Commercial_banks	2008	29789.735	22525.271	4211.455	6223.877	3840.638	539.066	NA	NA	6696.551	62146.198	278867.427	63199.435	23184.397	40424.813	8278.196	95332.322	177788.955	67528.02	44741.703	41	5565	57467
Portugal	Commercial_banks	2009	21394.443	14861.223	4935.6	6487.686	3400.445	239.955	NA	NA	9967.158	62045.989	284809.403	87885.332	17462.377	45252.748	10557.682	89536.029	186957.849	84520.712	45345.24	41	5588	56860
Slovakia	Commercial_banks	1999	2107.43	1872.517	425.394	878.018	740.072	23.747	-1136.248	154.718	2506.688	3664.713	10505.355	3269.285	1721.722	2853.033	941.295	3622.922	14231.571	918.748	-899.806	21	1210	22505
Slovakia	Commercial_banks	2000	2048.495	1499.158	369.857	1023.549	-144.594	16.049	-153.547	177.738	2653.076	3773.506	9516.929	5120.17	2525.509	2069.439	815.59	3902.896	16547.885	911.94	-658.56	18	1070	20404
Slovakia	Commercial_banks	2001	1724.903	1081.636	352.113	1113.097	-367.323	6.812	9.026	233.768	2947.235	3145.422	7297.158	8135.664	4330.663	2230.701	704.773	3970.257	18499.039	821.569	-370.197	16	1016	19202
Slovakia	Commercial_banks	2002	1802.773	973.391	431.632	1055.647	-121.152	10.401	-12.885	329.003	3742.292	2721.312	8406.421	9043.496	3983.645	1781.927	270.734	4698.193	19496.128	582.325	1067.86	15	969	17741
Slovakia	Commercial_banks	2003	1590.922	797.351	511.785	1148.133	-172.472	-4.817	-376.81	711.323	2782.515	4304.308	9823.402	8764.203	970.159	1560.075	218.814	2382.606	20110.301	1022.699	1350.093	15	983	17700
Slovakia	Commercial_banks	2004	1593.565	716.993	560.566	1144.092	-106.826	46.004	-351.773	705.641	2080.388	7236.802	11297.625	10022.926	933.985	1544.233	129.877	4201.938	22398.714	1775.754	1521.209	15	1031	17618
Slovakia	Commercial_banks	2005	1455.196	584.475	722.066	1259.642	-145.577	64.697	-337.433	751.458	1205.343	7553.304	14701.889	10184.769	833.764	1598.283	108.914	5696.391	22990.033	2382.785	1702.663	15	1057	17660
Slovakia	Commercial_banks	2006	1790.156	781.88	726.094	1016.831	-55.683	134.123	-175.026	814.125	6542.632	2303.68	17062.456	9513.663	1923.923	3095.999	109.311	3816.465	25647.593	2827.326	1849.66	14	1076	17166
Slovakia	Commercial_banks	2007	2372.614	1150.722	653.922	1187.623	-54.225	107.253	-281.519	916.682	6648.468	1935.558	21470.796	10119.518	1633.168	3422.787	91.402	4352.433	29454.263	3410.901	1075.723	13	1053	17129
Slovakia	Commercial_banks	2008	2713.61	1302.84	712.409	1165.4	344.539	145.319	207.183	260.737	14195.937	2125.587	26958.358	10974.964	1904.569	4159.649	70.232	7132.037	39287.309	4013.472	1496.716	14	1220	19573
Slovakia	Commercial_banks	2009	2075.536	664.654	421.092	1087.809	431.438	77.24	NA	NA	1550.063	3468.997	26636.043	13612.811	1501.237	4281.095	1659.826	2432.227	33822.83	3636.353	936.82	12	1163	17622
Spain	Commercial_banks	1999	24041	13973	5726	10167	1161	937	2598	930	12093	135720	268977	110856	40976	39141	19574	186271	258154	25841	39641	146	16905	127889
Spain	Commercial_banks	2000	29239	18332	7764	11598	1743	742	3132	1455	6913	132038	304065	127970	53140	53241	9119	187470	302780	21020	50496	141	15811	122374
Spain	Commercial_banks	2001	36475	21418	6802	11339	5312	527	3531	1149	9616	141140	331207	152290	55112	58873	7433	197201	348687	24968	52203	145	14756	118722
Spain	Commercial_banks	2002	32174	17754	7743	11567	4545	884	3496	1671	6245	153082	358429	158244	51609	64150	13669	210758	356847	30673	51512	143	14072	114040
Spain	Commercial_banks	2003	30233	15643	8079	11138	4872	1432	3604	1623	9964	165646	401374	195913	52434	67226	30949	254582	361109	59783	51682	138	14074	111793
Spain	Commercial_banks	2004	31722	16431	8554	12928	3603	1213	4381	1721	10277	184241	458353	233133	57149	86459	20250	298503	372278	104837	60825	136	14168	110106
Spain	Commercial_banks	2005	35509	20743	9319	11633	2896	1692	5788	2077	11030	228256	574399	276100	78721	84929	26786	376041	457047	139851	83852	139	14533	111298
Spain	Commercial_banks	2006	48832	30639	13478	12548	4886	2891	7638	3708	13601	239160	716060	249048	97312	92359	16381	372917	555357	171840	106328	142	15096	113064
Spain	Commercial_banks	2007	66645	46668	14426	14048	4491	2519	9559	3785	37077	277119	828751	292522	119115	109146	53500	430661	632125	194893	134259	151	15542	117570
Spain	Commercial_banks	2008	84267	60276	13362	14353	10064	1560	9148	2228	31545	316789	879132	300070	190991	128564	49573	494671	690322	172133	183265	159	15580	115129
Spain	Commercial_banks	2009	58260	31030	12145	14637	14080	1205	7189	2263	19859	280621	878643	364326	146696	144379	50631	509093	665569	182505	137969	153	14840	110004
Sweden	Commercial_banks	1999	108166	78464	35823	48267	-2890	4535	9164	6449	20690	687808	927754	501995	236697	126307	21530	574935	934373	379440	338358	40	1847	39607
Sweden	Commercial_banks	2000	137429	106742	43761	49816	-3936	6777	13836	7954	14759	852564	1114286	533895	284690	145445	41435	690676	1077108	421943	423587	47	1790	38815
Sweden	Commercial_banks	2001	138228	102307	46153	53693	-3307	5963	9104	16622	24051	894557	1261460	577674	299873	164590	50706	793160	1151815	484672	412670	52	1801	39092
Sweden	Commercial_banks	2002	126831	87789	29824	49088	3607	4745	17588	-6164	21821	848583	1308376	611570	402135	156675	23564	848730	1206151	468477	488889	50	1771	39095
Sweden	Commercial_banks	2003	106303	65327	32926	47765	3655	6124	9225	7131	18942	879397	1272533	653533	368725	170871	30765	797105	1269234	436143	489011	49	1815	37567
Sweden	Commercial_banks	2004	94917	57696	53640	52608	-27021	13472	16155	35646	15260	1131855	1325015	867210	436637	244813	24069	1094758	1314084	532070	566183	50	1805	37421
Sweden	Commercial_banks	2005	112245	77094	50033	55718	-8514	8413	18099	11468	19913	1319574	1594947	1060054	433260	240522	33978	1235396	1509275	792215	616363	53	1824	37644
Sweden	Commercial_banks	2006	155407	118666	96597	61190	-4237	8023	20767	47595	13761	1501491	1870965	1153089	424823	282837	5555	1395178	1715939	932454	632165	57	1852	40350
Sweden	Commercial_banks	2007	204210	156519	69643	68922	-1598	7536	26950	15524	26768	1588169	2544257	1204869	515747	310322	7223	1545313	1895785	1284362	836804	58	1889	41449
Sweden	Commercial_banks	2008	264150	205352	71152	75224	11443	4378	34306	4599	91500	1866916	2844719	1343054	1087277	306671	342814	1815874	2067708	1548650	1151749	65	1987	43533
Sweden	Commercial_banks	2009	156345	87074	63074	75985	13308	10269	10204	22579	96189	1823125	2674609	1439743	719302	381525	308589	1415406	2140812	1636696	869940	59	1905	41908
Switzerland	Commercial_banks	1999	61441	40990	37141	31756	7311	2684	8641	7200	17092	625462	793420	428306	202965	94669	NA	598712	884794	148921	340148	227	1946	106323
Switzerland	Commercial_banks	2000	87293	64559	41702	36118	7679	3039	7713	9889	12921	513862	789444	406255	212180	117377	NA	574444	778883	150559	313398	231	1922	109216
Switzerland	Commercial_banks	2001	84480	62071	35165	34616	10303	2049	4082	6524	30903	522478	805419	435038	239102	120527	NA	571746	826062	181924	332681	232	1907	105080
Switzerland	Commercial_banks	2002	62679	38726	31315	32595	12745	1659	6216	2053	14222	505425	795514	412989	319562	118996	NA	536423	812689	186055	393547	227	1842	102639
Switzerland	Commercial_banks	2003	56756	33477	27870	31194	5964	2319	6485	5187	13085	594147	772510	453468	187633	119973	NA	617954	844733	157400	280784	217	1862	97554
Switzerland	Commercial_banks	2004	56974	35989	33433	33005	4189	2927	8051	6246	14036	682461	829840	523095	222015	123296	NA	700807	908990	176838	361513	215	1847	100140
Switzerland	Commercial_banks	2005	78051	53194	43763	36773	4324	4296	9089	14138	13920	785814	938464	650183	231373	136177	NA	783463	1071233	229849	399030	215	1933	103747
Switzerland	Commercial_banks	2006	109139	86884	46031	40941	4461	4440	8720	9724	14020	846251	1119207	733616	238940	141002	NA	889697	1231651	275700	413980	209	1924	111880
Switzerland	Commercial_banks	2007	140889	117351	45348	43676	14832	2688	7416	273	22978	966997	1215956	730362	249262	140376	NA	875229	1365222	333967	470760	209	1989	119454
Switzerland	Commercial_banks	2008	107749	85174	21566	36850	39102	77	4459	-36350	118993	780154	1085614	480323	328644	140652	NA	686623	1230336	306929	429187	206	1944	117874
Switzerland	Commercial_banks	2009	51073	33005	31792	38606	8876	1313	6942	-5877	84367	559855	1070116	507270	151720	137375	NA	468216	1216965	335461	215311	207	1650	88737
Turkey	Commercial_banks	1999	21107.851	16664.537	850.643	3067.649	1823.388	1017.901	351.208	-966.189	1924.016	8321.036	18365.251	15463.486	23465.764	3409.637	314.865	12562.171	43198.066	214.594	7840.22	51	7605	167551
Turkey	Commercial_banks	2000	21739.443	17362.471	471.004	5110.985	2657.688	584.407	243.13	-3748.234	2161.048	14983.443	29560.78	21984.197	29142.956	5821.9	588.288	22476.884	58663.266	221.172	10060.914	51	7786	163922
Turkey	Commercial_banks	2001	60365.982	41060.373	-9041.989	8289.233	9725.599	561.629	193.344	-8506.185	4613.806	24177.356	34116.686	65775.909	34496.437	16114.945	340.093	24574.439	109662.2	447.125	12041.392	38	6843	132813
Turkey	Commercial_banks	2002	43701.974	31677.086	232.417	4232.319	4696.624	921.068	NA	NA	4453.339	12603.419	44046.414	84903.344	54539.967	22218.291	143.668	17877.642	136781.862	255.506	23269.514	29	6132	116790
Turkey	Commercial_banks	2003	38128.475	27909.754	5361.813	4912.921	3360.029	2210.789	NA	NA	4921.604	12474.624	60472.959	105312.212	53688.186	30796.74	17.202	21939.322	154343.051	0	29773.27	27	6011	117048
Turkey	Commercial_banks	2004	40590.581	23290.342	417.462	5486.29	3547.782	2571.113	NA	NA	7637.157	16941.215	93852.284	121595.965	53272.805	40535.456	7.325	29391.717	190909.745	0	32455.183	28	6177	122220
Turkey	Commercial_banks	2005	43794.538	25102.236	2630.153	6534.379	6353.89	3210.929	NA	NA	15103.584	23188.287	150280.354	139788.384	63450.686	48095.748	30.046	49323.374	251328.891	0	43033.236	31	6524	133227
Turkey	Commercial_banks	2006	56431.156	35318.836	4178.035	7399.728	4268.383	2992.416	NA	NA	20771.002	34808.632	211521.641	156225.853	58417.706	51526.509	34.964	64659.273	307367.26	0	58156.828	30	7251	145340
Turkey	Commercial_banks	2007	71438.059	45416.179	5813.113	8931.742	5768.714	3197.753	NA	NA	24648.434	27901.574	276250.027	161086.735	70016.568	66369.024	25.703	64808.301	356305.635	0	72394.675	30	8067	161930
Turkey	Commercial_banks	2008	86822.958	55978.726	4146.782	10792.895	8756.34	3018.154	NA	NA	41515.611	37544.365	355307.942	190771.076	81202.172	75184.213	112.117	84949.264	453072.24	0	93023.332	30	9231	176758
Turkey	Commercial_banks	2009	87033.834	44612.674	6346.078	11581.495	13399.32	4740.983	NA	NA	37221.246	42303.773	378389.748	259102.06	87114.604	97407.019	65.13	77825.39	513632.653	0	115201.239	30	9508	178313
US	Commercial_banks	1999	369174.291	176416.774	144228.585	205241.046	21336.678	39205.235	52616.142	18586.994	192341.896	173593.59	3445877.47	1320377.963	639016.413	478117.176	NA	189332.808	3159606.771	76740.762	1867409.817	8682	67281	1666724
US	Commercial_banks	2000	430401.692	226368.845	150664.649	217686.54	29390.969	37425.695	53003.287	17191.012	204446.533	161109.39	3769952.591	1403167.874	746555.375	529124.012	NA	218263.942	3454346.916	87439.165	1996057.728	8401	67807	1677457
US	Commercial_banks	2001	404474.646	189811.453	164231.08	225279.234	42782.426	36723.141	54479.707	19629.76	189731.564	198171.834	3850781.345	1505221.241	885937.804	596659.026	NA	112953.515	4223438.942	97474.763	1599317.463	8175	68773	1715484
US	Commercial_banks	2002	356627.19	122169.32	176895.422	233130.237	45830.667	43416.858	67886.865	21088.661	191887.395	189547.601	4092382.343	1766483.354	889857.635	647632.896	NA	133551.622	4508191.326	96619.141	1744163.276	7975	70571	1756260
US	Commercial_banks	2003	330480.171	94896.223	189017.921	243359.903	32739.216	48278.311	77987.025	22237.423	179246.283	201774.037	4296893.406	1906577.068	952472.988	679113.159	NA	151832.222	4767582.161	99073.895	1839362.241	7851	71860	1764229
US	Commercial_banks	2004	340552.07	96208.34	183635.587	254117.534	23501.926	48301.921	55885.842	46172.096	164077.721	219549.392	4781870.865	2055671.194	1135053.687	835423.351	NA	175853.2	5304094.15	109847.664	1931004.446	7701	74519	1819664
US	Commercial_banks	2005	430284.381	164267.408	198417.415	273492.148	25016.069	53370.155	64652.293	47903.723	203816.175	193380.768	5283777.35	2069756.63	1255071	899032.11	NA	217893.214	5811701.886	122236.763	1954937.923	7598	77086	1875296
US	Commercial_banks	2006	551791.056	265392.127	219761.113	294190.569	25478.25	60005.585	81095.005	45390.633	206338.753	226232.005	5937801.398	2319487.452	1474520.071	1035194.633	NA	311217.579	6397957.189	149794.691	2270215.541	7473	78561	1956539
US	Commercial_banks	2007	615060.075	310387.663	214732.452	318147.549	57124.297	43572.317	80735.491	19825.21	206227.534	276373.822	6565489.704	2490154.919	1712020.627	1147854.442	NA	329006.178	6926539.679	174904.85	2671961.455	7354	79692	1973033
US	Commercial_banks	2008	534224.789	212471.066	183807.96	336352.348	152656.545	6950.526	43760.675	-34158.411	663732.565	382507.699	6714643.162	2716266.686	1910460.651	1158026.888	NA	396329.458	7741621.446	183512.299	2908120.644	7153	81696	1962649
US	Commercial_banks	2009	484428.107	123676.476	242960.947	355798.535	230636.724	4088.53	43508.953	-30320.164	688321.981	299761.131	6303012.492	2941562.022	1717428.668	1334107.471	NA	382353.348	8002776.961	155193.007	2075655.48	6905	82190	1908064
Russia	Commercial_banks	2004	527114.318	236303.377	311127.107	368888.953	54119.996	32501.521	NA	145036.115	855009.901	NA	4473560.278	1038379.272	693292.773	1003266.101	19549.09	737022.917	2738653.563	30594.671	2531155.882	1249	3232	NA
Russia	Commercial_banks	2005	706169.099	287784.724	433026.912	492008.817	97947.937	59077.558	NA	200571.61	900579.192	NA	6385964.659	1399347.614	958811.945	1316537.033	20203.75	1086337.224	4031913.238	67293.672	3122418.493	1205	3283	NA
Russia	Commercial_banks	2006	976865.978	428173.355	689912.411	740608.994	127514.749	88639.817	NA	279842.144	1246693.153	NA	9464341.899	1743725.318	1421300.476	1777672.763	13781.447	1730472.495	5955736.966	168300.885	4230096.29	1143	3272	NA
Russia	Commercial_banks	2007	1417381.285	663641.347	879095.02	968214.307	158639.737	119838.796	NA	383841.885	1716117.451	NA	14286491.655	2244169.457	1783399.393	2804541.049	34019.987	2807313.283	8676587.06	290156.489	5417560.088	1092	3442	NA
Russia	Commercial_banks	2008	2188839.533	1072089.558	1396639.297	1641854.743	455693.381	NA	NA	NA	2784682.62	NA	19937821.286	2359092.786	2749208.432	3102855.519	3370296.701	3639412.248	10850471.138	375254.977	6492514.541	1058	3455	NA
Russia	Commercial_banks	2009	2757394.701	1503315.96	1470494.376	1471396.951	1050914.575	67825.06	2852.46	131584.071	2473894.017	NA	19877162.148	4293810.195	2679356.93	3756867.653	1423127.974	3117069.275	12950589.568	412662.215	7663906.605	1007	3163	NA
Slovenia	Commercial_banks	2002	1511.201	898.36	433.063	637.666	198.791	87.809	NA	NA	658.82	1656.968	9973.533	7152.568	1229.713	1414.254	NA	3033.861	13987.877	770.696	1464.914	17	638	11543
Slovenia	Commercial_banks	2003	1428.583	804.504	442.137	676.083	161.839	89.914	NA	NA	659.746	1395.927	11448.937	7743.689	1222.102	1529.54	NA	4177.769	14314.172	917.604	1531.316	16	636	11397
Slovenia	Commercial_banks	2004	1248.836	622.758	491.531	696.169	176.282	94.456	NA	NA	673.645	1950.709	13890.915	7338.554	1195.344	1652.497	NA	5414.811	15278.276	938.286	1765.297	16	736	11380
Slovenia	Commercial_banks	2005	1369.6	609.464	492.847	743.187	172.917	71.54	NA	NA	847.292	2817.712	17870.061	8789.931	1295.815	2356.875	0.324	9241.392	17167.037	968.431	1886.752	18	723	11397
Slovenia	Commercial_banks	2006	1618.2	803.554	587.317	822.499	147.923	100.408	NA	NA	1480.943	2881.149	22617.346	8594.869	1573.422	2687.903	0.28	12300.198	18920.261	944.258	2294.829	18	741	11707
Slovenia	Commercial_banks	2007	2288.192	1289.623	692.727	931.357	209.058	121.824	NA	NA	1281.464	3994.391	31937.295	8395.392	1735.456	3383.205	156.529	18345.104	21455.198	948.512	3055.45	20	740	11866
Slovenia	Commercial_banks	2008	3052.587	1892.961	481.386	972.811	382.604	67.726	NA	NA	1768.871	4259.841	37418.305	7661.487	1863.506	4168.432	1229.825	20177.638	23069.211	1283.469	3043.435	20	682	12045
Slovenia	Commercial_banks	2009	2464.36	1322.375	562.202	966.623	647.784	39.899	NA	NA	2070.258	5938.122	37365.98	9231.606	1908.402	4386.079	2099.925	17860.474	26251.401	3445.404	2471.085	21	690	11934
Denmark	Savings_banks	2004	6835.067	1878.964	2616.618	4314.055	918.482	557.113	293.423	1489.648	9129.188	6403.06	85071.36	41427.412	4850.438	18939.819	4438.66	20173.909	94039.828	179.738	9109.506	49	463	6235
Denmark	Savings_banks	2005	7377.613	2208.195	3543.02	4674.87	562.968	858.233	NA	NA	9518.87	9557.414	107505.496	39162.509	12084.711	22613.883	4102	31237	107323.686	559.708	11992.723	49	470	6616
Denmark	Savings_banks	2006	9147.146	3623.236	4434.682	5321.311	-5.906	915.822	NA	NA	5753.959	15117.315	140647.682	42707.723	7264.914	27023.24	9570	41797	123443.326	3299.725	6358.302	47	499	6363
Denmark	Savings_banks	2007	12650.12	6487.785	3656.963	5925.14	193.737	731.123	NA	NA	5739.274	11867.078	170254.007	43639.465	9971.434	30648.507	5865	51119	141122.555	6708.196	6008	45	513	6846
Denmark	Savings_banks	2008	15581.766	8568.938	808.817	6428.479	3982.706	-388.486	NA	NA	12204.652	13943.226	176022.546	44705.824	16176.39	26597.004	9535.728	45560.781	151884.51	10817.523	18657.092	42	491	6946
Denmark	Savings_banks	2009	13114.494	5354.529	3495.558	7448.503	7937.491	-500.057	NA	NA	7468.789	17808.003	151950.368	51909.863	14709.395	26780.187	1029.294	31388.528	155462.118	12897.391	16288.907	41	471	6900
Finland	Savings_banks	1999	247.711	86.618	58.918	157.678	12.941	10.09	0	39.303	224.197	391.675	3755.911	1074.286	326.621	393.579	0	582.726	4410.713	68.808	316.864	40	213	1893
Finland	Savings_banks	2000	320.393	116.299	72.191	171.162	21.513	19.39	0	64.221	313.196	313.481	4165.597	1133.814	324.508	468.583	0	613.22	4591.957	110.084	466.752	40	213	1952
Finland	Savings_banks	2001	365.253	145.791	60.143	176.371	28.65	22.287	0	52.298	331.987	523.376	4643.918	1147.442	326.461	541.079	0	843.925	4960.005	120.915	507.26	40	217	2009
Finland	Savings_banks	2002	333.469	129.63	61.032	187.298	29.711	15.2	0	32.662	223.253	628.151	5121.475	1197.481	333.128	596.185	0	820.741	5303.633	145.521	637.409	40	226	2034
Finland	Savings_banks	2003	292.087	105.305	69.728	188.383	28.123	14.404	0.01	25.59	254.964	669.756	5569.756	1175.019	292.312	679.738	0	821.255	5728.101	172.756	559.958	40	232	1967.5
Finland	Savings_banks	2004	277.171	98.08	80.956	182.954	31.178	14.968	0.02	30.927	279.071	714.803	6092.766	1322.491	296.864	733.64	0	825.437	6307.374	259.481	580.063	40	233	1904
Finland	Savings_banks	2005	293.787	102.151	55.539	148.754	31.329	17.861	0.08	49.151	309.494	787.027	6578.338	1411.505	312.161	817.599	0	923.629	6801.366	329.316	526.614	40	231	1918
Finland	Savings_banks	2006	361.101	149.136	66.078	153.239	33.115	27.665	0.173	63.851	335.103	733.791	6828.427	1951.219	248.266	882.606	0	947.755	7245.836	381.597	639.013	40	226	1930
Finland	Savings_banks	2007	488.336	251.15	70.894	172.121	33.924	24.572	1.392	76.073	258.998	903.768	7510.984	2643.373	326.201	1027.634	0	1413.876	7854.332	390.229	957.254	39	238	2033
Finland	Savings_banks	2008	550.634	321.788	41.738	170.656	15.655	20.246	0.325	63.702	28.183	583.033	5001.834	883.589	218.138	760.866	0	69.393	5542.489	81.608	260.422	38	165	1259
Finland	Savings_banks	2009	227.823	75.928	31.581	117.017	4.129	15.121	0.628	46.581	27.724	533.58	5325.912	936.975	236.047	859.819	0	105.692	5743.666	124.124	226.937	35	169	1252
France	Savings_banks	1999	10047.91	6992.68	1381.04	3445.65	190.71	408.11	0	391.79	660.26	103243.2	70679.79	36852.57	9821.07	8590.35	3.05	45370.96	159652.23	1513.21	6126.77	34	4240	35000
Germany	Savings_banks	1999	51228	28965	2571	18012	1417	3227	1305	873	18771.06	73863.78	558936.1	246859.9	27281	38138.8	21919.08	185499.76	595382.01	45997.86	38773.82	578	17667	282150
Germany	Savings_banks	2000	52774	31248	6101	18335	4260	2770	1286	976	18732	73137	578906	256488	26974	40266	32854	201247	591162	47480	41228	562	16892	283450
Germany	Savings_banks	2001	54522	32916	5970	18688	5239	1633	1187	829	21933	79563	594613	262614	27074	42672	17452	211235	625781	45992	42665	537	16490	282850
Germany	Savings_banks	2002	53932	30698	6174	19022	6959	1471	1280	676	20344	88925	605086	258837	24967	44619	13287	214810	634656	46014	44773	520	15628	278800
Germany	Savings_banks	2003	50962	27458	5762	19349	5161	3011	1165	580	20913	78675	613671	262650	24178	46032	18771	210126	637192	43306	44660	491	14757	271900
Germany	Savings_banks	2004	48524	25332	5902	18907	5787	2122	1393	885	19332	86714	609916	262688	23365	47619	18001	205277	642282	43877	44959	477	14292	265400
Germany	Savings_banks	2005	47328	24402	6063	19146	4916	2285	1517	1125	20254	87761	612376	271740	21852	49744	22073	203452	649659	42222	46833	463	13950	260800
Germany	Savings_banks	2006	47046	24597	6398	19014	5412	1973	1593	855	21535	97783	615447	270340	21909	52084	19075	198345	662832	45486	49192	457	13756	257000
Germany	Savings_banks	2007	48987	28038	6900	19373	4717	1574	1366	819	21536	123969	617447	260257	21764	54298	14673	195027	681008	48137	51830	446	13624	253700
Germany	Savings_banks	2008	51861	31000	6570	18865	6405	1016	1002	143	22708	128362	631387	267215	21089	56418	22153	185731	710590	42038	53831	438	13457	251400
Germany	Savings_banks	2009	46401	23831	5985	19101	4741	2250	1153	1310	23286	100121	642619	287982	19333	57596	25410	175798	730784	30790	52963	431	13266	249600
Korea	Savings_banks	2004	3219828	1756667	476044	870553	1186837	78583	NA	NA	17635	3423465	27740353	2247858	2500097	1412079	0	43100	32635713	44662	1836954	113	116	6306
Korea	Savings_banks	2005	3612600	1817509	890700	814457	1635788	160179	NA	NA	19681	3900117	32585571	2554758	2602132	2193226	0	37100	37283798	131033	2054202	111	129	6418
Korea	Savings_banks	2006	4684538	2134424	676521	989272	1597064	225708	NA	NA	17802	4549245	39722180	3620232	2892808	3291133	NA	NA	44512573	388805	2609756	110	143	7079
Korea	Savings_banks	2007	5154924	2574861	1012172	1161517	1439606	287444	NA	NA	19158	5684752	44411760	4793458	3125560	4363863	NA	NA	50415523	484805	2770497	107	169	7535
Korea	Savings_banks	2008	5972024	3557513	742584	1669293	1160893	192497	NA	NA	20978	8457235	52104259	4223654	4412668	4728481	NA	NA	60897665	624455	2968193	106	194	7748
Korea	Savings_banks	2009	6636551	4287631	1107196	1691046	1638506	146740	NA	NA	26049	8279608	61187983	8758195	5345065	5337585	NA	NA	73276137	1169203	3813975	105	207	8066
Mexico	Savings_banks	2009	7216.215	1700.151	379.627	4793.173	1429.54	41.486	0	-368.508	0	923.174	39221.207	9837.523	-107.522	6716.587	0	914.573	41094.751	0	1148.472	70	1216	NA
Norway	Savings_banks	1999	34997	21255	3660	9730	481	1598	1363	4230	11848	6543	416259	38037	15723	38698	6008	46429	290002	56629	50644	130	1069	10778
Norway	Savings_banks	2000	40818	25629	3430	10474	-1325	2477	1560	5433	9434	10993	481676	40085	17935	44307	2578	42683	323582	84015	62955	130	1011	10584
Norway	Savings_banks	2001	49446	32922	3377	11389	1345	1988	1471	3708	8660	9924	540129	46976	19495	48454	5334	38831	355689	109844	67031	129	1002	11117
Norway	Savings_banks	2002	51356	34135	2897	12069	2897	1639	2214	1299	12908	9127	588172	51562	19552	49379	677	45394	395370	119572	70931	129	866	11114
Norway	Savings_banks	2003	44247	26346	5126	12561	2624	2024	2957	2861	17907	8225	649814	51276	17705	52811	1313	47189	413860	160236	69518	129	844	10973
Slovakia	Savings_banks	1999	141.004	35.939	35.007	38.657	66.876	2.294	15.239	17.005	82.963	171.837	754.53	196.559	493.773	270.492	0	19.916	1337.257	13.028	58.969	2	0	633
Slovakia	Savings_banks	2000	136.236	39.59	23.774	46.432	34.306	6.994	18.602	14.088	38.991	169.574	1002.931	210.226	392.937	334.642	0	0	1400.706	21.263	58.05	3	0	867
Slovakia	Savings_banks	2001	117.856	38.758	7.829	52.052	-1.089	0.44	14.809	20.714	48.32	159.688	1107.742	214.636	315.093	348.497	0	3.319	1405.824	20.169	67.67	3	0	916
Slovakia	Savings_banks	2002	117.535	37.435	27.184	61.113	-20.009	0.111	31.926	34.144	96.303	136.408	1120.532	318.6	245.154	309.135	0	118.204	1355.392	20.95	113.316	3	0	711
Slovakia	Savings_banks	2003	110.412	38.96	20.065	56.095	0.92	4.488	-144.257	174.272	40.39	110.905	1171.075	511.583	53.922	145.183	0	42.461	1386.533	92.343	221.356	3	0	650
Slovakia	Savings_banks	2004	110.395	41.559	24.843	57.215	8.79	4.435	-130.562	153.801	74.416	103.288	1292.024	379.453	51.305	124.968	0	59.842	1473.295	24.285	218.097	3	0	643
Slovakia	Savings_banks	2005	107.156	45.007	34.462	61.31	5.241	6.069	-118.858	142.848	40.811	216.814	1400.095	306.101	53.863	127.533	0	6.839	1652.71	18.102	212.5	3	0	662
Slovakia	Savings_banks	2006	117.414	47.505	40.556	54	-13.803	9.442	-70.321	131.146	160.256	37.103	1602.485	337.617	65.718	322.536	0	10.668	1821.63	0	48.346	3	8	633
Slovakia	Savings_banks	2007	129.157	50.366	32.977	61.342	-12.168	7.113	-78.715	134.196	134.771	44.451	1794.009	288.135	64.238	317.442	0	41.12	1898.93	33.38	34.732	3	10	641
Slovakia	Savings_banks	2008	137.086	62.232	30.009	56.513	15.06	7.436	31.866	-6.012	146.212	8.845	1940.113	262.892	68.139	312.287	0	43.795	2000.019	33.403	36.697	3	10	631
Slovakia	Savings_banks	2009	136.976	55.042	27.694	50.117	13.239	8.622	NA	NA	8.197	142.177	1945.977	302.916	85.891	320.42	10.005	26.667	2054.373	33.429	40.264	3	34	644
Spain	Savings_banks	1999	15764	6553	3519	7864	994	864	773	2233	9409	54936	203113	70602	19571	28255	3992	51094	242918	16760	14612	50	18337	97276
Spain	Savings_banks	2000	19230	9206	4307	8575	1746	706	868	2436	6096	56853	245274	81234	23677	31426	6898	58293	280033	18891	17593	48	19268	101718
Spain	Savings_banks	2001	22894	11590	3541	8981	1783	579	937	2565	9448	56080	278905	89416	25715	35213	3114	55438	319330	25195	21274	47	19829	105593
Spain	Savings_banks	2002	22381	10474	3986	9929	2278	12	984	2689	8999	57164	321707	95190	27082	39482	4519	60036	354112	31623	20370	47	20326	107745
Spain	Savings_banks	2003	21789	9121	4089	10145	2053	784	1040	2735	10532	53046	374654	100396	27279	43348	2228	58231	399395	42042	20663	47	20871	110243
Spain	Savings_banks	2004	22230	8881	4593	11184	1964	659	1197	2936	9338	59744	451544	96826	29589	47880	3170	64426	450825	57753	22987	47	21503	113408
Spain	Savings_banks	2005	25451	11302	6113	11260	3116	814	1380	3692	11653	63250	577976	111648	52287	65671	5496	72389	536002	96258	40998	47	22410	118072
Spain	Savings_banks	2006	34746	18477	8264	11982	3837	1594	1689	5432	13943	86736	738275	116857	51383	72285	5592	84532	645417	152861	46508	47	23418	124139
Spain	Savings_banks	2007	53386	32313	10171	13132	5631	1488	1946	9047	22030	86015	865215	141936	56286	79459	18750	84608	734372	196437	57856	46	24591	131933
Spain	Savings_banks	2008	63436	42711	8929	14136	8789	291	1623	4814	29025	51184	925591	179653	76429	92415	49752	82972	797070	180151	59522	46	24985	134786
Spain	Savings_banks	2009	47697	26521	9097	13785	13282	131	1108	1967	22576	61644	921310	215320	88811	101884	38547	92005	808762	204515	63948	46	24202	132340
Sweden	Savings_banks	1999	4967	1574	1583	3857	49	261	0	810	1366	6337	67255	12401	4418	14941	0	3526	70202	592	2515	84	293	3615
Sweden	Savings_banks	2000	4821	1622	1732	3658	-238	377	0	1134	898	3865	67079	8179	3296	13820	170	5848	60853	1282	1344	79	269	3180
Sweden	Savings_banks	2001	4999	1665	1376	3519	-232	315	0	1108	1010	6300	69350	8060	3058	14258	5	5087	65620	1399	1410	77	260	2543
Sweden	Savings_banks	2002	5452	2020	1197	3384	184	263	0	799	1047	7639	74819	9654	2530	14861	5	4636	72726	2301	1160	77	255	2768
Sweden	Savings_banks	2003	4843	1564	1310	3042	184	340	0	1022	995	7413	74514	12306	2276	15453	4	3754	75330	1912	1052	76	231	2602
Sweden	Savings_banks	2004	4351	1076	1504	3033	275	361	0	1110	1027	5647	81584	12561	2314	16570	234	4390	79070	1753	1116	76	232	2623
Sweden	Savings_banks	2005	4114	931	1787	3082	-1441	877	8	2445	1112	7871	88588	12267	2318	17336	1	4522	87606	1160	1530	71	222	2616
Sweden	Savings_banks	2006	4559	1355	2159	3152	5	507	21	1678	1316	9238	98243	13191	2575	18859	0	5663	98326	330	1385	68	217	2599
Sweden	Savings_banks	2007	6222	2695	2150	3401	59	497	26	1693	1375	10884	110701	20043	3447	23998	0	6242	113595	651	1964	65	216	2607
Sweden	Savings_banks	2008	7836	3922	1570	3734	2320	193	6	-769	1221	8316	125149	13138	3248	18496	0	6823	121688	965	3100	53	206	2717
Sweden	Savings_banks	2009	4551	1230	2644	3751	403	296	18	1497	1030	14873	130787	13661	3827	21359	0	4745	134245	1689	2140	53	215	2730
Switzerland	Savings_banks	1999	2790	1536	421	888	388	85	153	161	1563	2229	64435	4362	1476	4800	NA	5239	43965	16654	3405	106	394	5178
Switzerland	Savings_banks	2000	3070	1756	471	944	363	108	128	242	1153	2892	65907	4388	1468	4864	NA	5761	43599	17971	3612	103	390	5451
Switzerland	Savings_banks	2001	3232	1898	387	993	287	93	120	228	1206	3727	66910	4458	1381	5156	NA	5631	44912	18643	3340	94	387	4697
Switzerland	Savings_banks	2002	2819	1515	340	946	315	93	133	157	1283	3672	67878	4540	1447	5113	NA	5241	46468	18872	3126	88	389	4642
Switzerland	Savings_banks	2003	2574	1230	384	1004	256	105	144	219	1398	4152	68783	4873	1412	5312	NA	4291	49680	18358	2976	83	346	4424
Switzerland	Savings_banks	2004	2399	1041	394	1013	238	115	150	236	1299	3532	70579	4749	1334	5553	NA	3600	51327	18172	2842	83	346	4320
Switzerland	Savings_banks	2005	2369	1014	439	999	219	140	187	249	1303	4158	72421	4677	1319	5836	NA	3311	53573	18450	2708	79	346	4141
Switzerland	Savings_banks	2006	2465	1068	457	1020	171	158	232	273	1347	4289	74260	4742	1304	6150	NA	3680	54114	19388	2607	78	348	4135
Switzerland	Savings_banks	2007	2618	1223	475	1027	177	160	249	257	1413	4311	73901	4468	1217	6171	NA	3463	53117	19960	2600	76	322	3892
Switzerland	Savings_banks	2008	2870	1469	418	1047	185	129	244	213	1831	4925	76848	4945	1374	6377	NA	3090	55244	22235	2977	75	317	4021
Switzerland	Savings_banks	2009	2414	1096	385	990	206	105	202	200	2046	3345	80384	5103	1398	6411	NA	3434	57218	22611	2601	70	319	3980
US	Savings_banks	1999	65575.014	37917.911	10259.591	21477.166	1475.019	5434.586	5440.611	4089.308	18004.116	2665.296	666930.978	181077.555	154874.682	82675.144	NA	426.506	611491.255	2564.457	326395.242	1096	NA	211174
US	Savings_banks	2000	73655.535	45663.805	11227.492	22844.389	1925.99	5036.844	5333.805	4078.194	16609.114	2982.045	724025.378	176890.144	158273.336	89476.803	NA	371.827	634796.185	2672.851	351462.336	1083	NA	216428
US	Savings_banks	2001	73200.995	40699.049	14140.476	25173.048	2695.72	6470.672	5669.684	6633.297	16972.116	5191.615	759058.866	200167.725	171725.907	97410.429	NA	709.874	677816.624	3612.768	373566.545	1046	NA	232977
US	Savings_banks	2002	62468.962	27156.336	14766.067	26182.226	3124.598	7117.361	7469.71	6184.798	20238.56	5748.043	774358.146	207821.562	180389.174	111922.141	NA	459.102	728469.439	3809.824	343894.986	1003	NA	239024
US	Savings_banks	2003	60626.219	23082.443	19860.338	29895.524	2362.911	8746.252	12379.329	4020.093	22485.902	4436.256	882934.923	213352.137	177817.257	121579.935	NA	796.007	788416.35	5924.167	384310.008	974	NA	253449
US	Savings_banks	2004	61533.92	22563.503	20279.322	32981.336	2711.779	8077.297	8210.158	7269.169	19499.656	3306.244	1076100.587	140717.487	241713.092	144145.794	NA	815.753	852773.995	8397.344	475204.191	934	NA	249613
US	Savings_banks	2005	77908.09	35239.973	23126.213	36448.682	3016.318	9369.089	8271.156	8689.085	21160.929	3421.291	1188268.073	140339.911	265782.939	158126.165	NA	1413.109	929694.465	9191.662	520547.732	912	NA	250733
US	Savings_banks	2006	87821.009	47376.818	23598.823	38144.696	3749.829	7570.295	12019.176	2559.018	17650.002	3607.554	1091946.614	143785.562	277808.978	167089.332	NA	751.693	956742.798	10752.618	399462.274	899	NA	231798
US	Savings_banks	2007	99229.552	57015.666	19116.48	47200.668	10760.303	3002.498	27053.63	-26686.733	18162.32	3911.3	1109289.514	170960.521	312392.57	154914.674	NA	801.533	952750.749	10487.979	495761.281	889	NA	223528
US	Savings_banks	2008	71518.947	35479.375	-14541.885	36735.818	28879.52	-2895.821	7850.987	-19176.72	22575.172	4738.831	885270.635	171804.958	265449.056	124720.366	NA	NA	823249.94	2473.562	398255.409	877	NA	183325
US	Savings_banks	2009	51861.721	20317.486	-5275.157	28379.538	16983.423	1236.365	3520.079	-2523.095	22529.635	5252.09	662752.864	189911.25	215587.487	120217.312	NA	NA	756563.661	2280.908	215963.427	847	NA	149770
Slovenia	Savings_banks	2002	7.413	5.416	1.675	2.848	0.18	0.181	NA	NA	2.195	2.5	49.52	7.897	3.042	4.562	NA	1.278	55.657	0.013	3.644	2	13	54
Slovenia	Savings_banks	2003	7.666	5.34	1.947	3.261	0.242	0.193	NA	NA	1.832	11.52	62.199	3.834	3.68	5.727	NA	3.356	69.425	0.006	4.551	2	16	58
Slovenia	Savings_banks	2004	7.754	4.797	2.492	3.826	0.629	0.248	NA	NA	2.464	23.725	75.754	5.818	3.571	5.842	NA	6.307	81.745	10.436	7.002	2	17	66
Slovenia	Savings_banks	2005	9.996	5.739	3.132	5.237	0.577	0.264	NA	NA	4.794	6.607	88.575	49.768	8.449	12.209	NA	6.998	113.442	18.411	7.133	3	32	94
Slovenia	Savings_banks	2006	11.765	6.433	3.285	6.835	0.656	0.202	NA	NA	4.913	21.271	118.37	55.592	10.956	12.832	NA	12.088	152.573	25.568	8.041	3	34	125
Slovenia	Savings_banks	2007	14.32	7.973	5.782	9.161	0.64	0.572	NA	NA	6.428	43.453	157.123	32.769	15.413	17.273	NA	10.072	198.204	17.839	11.798	3	35	167
Slovenia	Savings_banks	2008	19.778	12.365	6.746	11.127	1.011	0.485	NA	NA	7.081	69.283	179.784	47.089	16.503	17.842	3	11.042	256.979	15.302	15.575	3	36	187
Slovenia	Savings_banks	2009	19.796	12.358	7.423	11.838	1.404	0.352	NA	NA	14.246	54.773	222.7	89.86	15.145	19.797	21.556	11.598	322.592	7.001	14.18	3	36	194
Canada	Cooperative_banks	1999	9144	4704	1529	4347	231	158	129	1104	23862	0	101941	15708	5540	9786	0	0	124388	173	12704	NA	NA	NA
Canada	Cooperative_banks	2000	10031	5219	1694	4612	187	223	98	1386	25695	0	107632	17899	4723	10301	0	0	133378	114	12156	NA	NA	NA
Canada	Cooperative_banks	2001	9748	4930	1765	4660	218	222	90	1393	14195	0	111292	20218	7483	10735	0	0	134991	351	7111	NA	NA	NA
Canada	Cooperative_banks	2002	8799	3761	1647	4730	193	238	748	776	14570	0	119372	18948	10096	11380	0	0	142201	355	9050	NA	NA	NA
Canada	Cooperative_banks	2003	9157	3861	1726	5164	190	275	548	845	16004	0	134192	21441	9395	12859	0	0	155546	323	12304	NA	NA	NA
Canada	Cooperative_banks	2004	8998	3754	2414	5482	226	309	506	1135	15893	0	146775	21695	11941	14185	0	0	166048	356	15715	NA	NA	NA
Canada	Cooperative_banks	2005	9612	3923	2324	5973	220	228	607	985	16534	0	161332	20245	12005	15289	0	0	177329	144	17354	NA	NA	NA
Canada	Cooperative_banks	2006	11296	4945	2309	6356	257	270	645	1132	18732	0	175720	20200	13095	17126	0	0	190328	165	20128	NA	NA	NA
Canada	Cooperative_banks	2007	12996	6019	2922	6860	349	380	713	1597	18575	0	192484	19510	16210	18706	0	0	207234	635	20204	NA	NA	NA
Canada	Cooperative_banks	2008	13411	6227	4012	7502	479	588	437	2190	20159	0	208414	25066	18114	20256	0	0	224256	400	26841	NA	NA	NA
Canada	Cooperative_banks	2009	11907	4904	2653	7240	532	277	464	1143	20525	0	220832	27207	16240	22186	0	0	236687	441	25490	NA	NA	NA
Denmark	Cooperative_banks	2004	520.416	105.342	207.712	390.912	73.425	23.604	0.623	134.222	273.977	1719.327	5965.791	974.436	265.65	1360.072	0.066	175.268	7369.17	0	294.605	3	82	532
Denmark	Cooperative_banks	2005	537.64	112.039	334.814	409.501	51.409	33.424	NA	NA	352.153	1743.403	6970.035	277.843	1062.566	1666.354	0	327	8081.711	0	330.935	3	81	556
Denmark	Cooperative_banks	2006	612.101	156.488	505.24	465.45	36.066	39.366	NA	NA	210.774	1759.602	8421.425	1570.683	370.761	2110.624	0	1252	8731.878	0	238.743	3	80	568
Denmark	Cooperative_banks	2007	841.043	328.213	324.919	517.173	69.766	31.157	NA	NA	159.308	2176.014	10148.359	1732.447	415.532	2445.283	0	1354	10617.273	1.848	213.256	4	83	580
Denmark	Cooperative_banks	2008	1039.393	454.691	-136.308	582.575	143.068	6.77	NA	NA	225.239	2164.484	11357.788	1857.167	279.343	2173.023	0	1617.837	11815.564	7.691	269.906	4	84	425
Denmark	Cooperative_banks	2009	975.286	330.894	260.927	684.894	471.799	-73.41	NA	NA	263.969	3121.669	11090.651	1845.794	364.781	2033.26	74.871	289.07	13576.181	12.826	700.656	5	76	641
Finland	Cooperative_banks	1999	897.089	267.728	391.679	620.007	35.117	38.643	12.863	314.409	193.108	2833.362	15053.671	1367.775	1614.28	2044.161	0	976.524	16441.476	498.632	1101.403	289	500	7077
Finland	Cooperative_banks	2000	1124.974	372.208	378.864	666.283	57.145	84.27	19.024	304.907	167.258	3090.524	16264.257	1274.386	1476.865	2405.763	0	1029.193	17127.139	468.356	1242.841	287	505	7121
Finland	Cooperative_banks	2001	1241.884	440.343	343.48	684.461	67.567	87.808	20.766	284.419	53.24	3550.272	17607.444	1355.711	1332.252	2730.77	0	874.319	18611.673	464.517	1217.64	286	502	7305
Finland	Cooperative_banks	2002	1124.393	360.094	312.656	688.137	80.104	75.714	19.834	213.165	180.263	3644.522	19346.81	1451.391	1263.568	3037.943	0	1145.937	20010.168	459.494	1233.012	285	516	7402.5
Finland	Cooperative_banks	2003	999.897	299.838	329.346	702.788	95.456	62.96	18.201	149.998	157.389	3626.613	21639.226	1572.433	1197.448	3328.336	0	1776.193	21414.947	418.951	1254.682	284	509	7410
Finland	Cooperative_banks	2004	982.401	304.315	356.959	673.13	111.98	63.757	18.281	167.897	145.098	3536.708	24182.347	1420.334	1153.179	3551.885	0	2471.651	22787.789	395.195	1231.146	281	503	7372.5
Finland	Cooperative_banks	2005	1042.209	345.016	280.441	542.157	130.26	68.923	21.994	214.299	145.514	1930.458	27073.626	2416.106	1106.459	3851.688	0	2625.93	24411.56	508.979	1274.005	280	483	7327
Finland	Cooperative_banks	2006	1232.152	436.526	264.235	556.806	155.313	76.414	22.546	248.783	146.222	1704.627	30258.577	2305.793	1136.881	4237.139	0	3547.934	25903.726	450.257	1413.044	275	468	7324.5
Finland	Cooperative_banks	2007	1673.039	750.681	239.51	579.037	123.877	97.781	27.225	333.95	156.146	2076.53	32658.134	2378.673	1163.469	4675.924	0	3258.055	28607.272	330.469	1561.231	271	464	7395
Finland	Cooperative_banks	2008	1997.161	1019.386	146.297	626.784	110.637	80.591	82.583	223.476	145.987	3265.865	34622.864	2567.387	1247.904	4959.116	0	2110.251	32760.182	297.625	1722.834	270	429	7726
Finland	Cooperative_banks	2009	1282.534	512.298	180.708	629.364	56.961	54.038	17.114	193.467	146.351	3199.354	35705.318	2819.766	1107.366	5319.616	0	2687.584	33610.984	261.913	1098.056	261	417	14295
France	Cooperative_banks	1999	37153.05	27480	6879.72	10874.65	1446.28	1674.96	721.69	1835.33	7573.21	306501.49	287089.85	98428.71	31810.32	37985.11	116.32	274912.08	328218.62	59966.13	30205.49	125	10361	125000
France	Cooperative_banks	2000	48598.31	36445.22	10293.97	15092.61	1980.47	1870.85	888.93	2614.2	6211.84	421175.32	390580.79	127134.25	41728.65	51506.12	22.41	336278.29	486303.52	73114.09	39606.56	157	14451	163680
France	Cooperative_banks	2001	43989	30647	12087	15297	3338	2011	147	4637	11622	276709	405693	115405	47812	53876	30	152970	506844	96860	46661	148	14375	168755
France	Cooperative_banks	2002	41023	26517	9695	15741	1762	1529	172	4997	15514	265741	431994	121103	45324	59535	14	155889	520482	99943	43813	136	14557	167621
France	Cooperative_banks	2003	39964	25446	11128	16404	1914	1976	184	5168	12565	264029	468324	138308	47596	71186	42	157199	544086	114427	43883	129	14675	166928
France	Cooperative_banks	2004	43282.944	28897.48	14445.525	17276.406	1925.425	2238.599	817.911	6572.648	18085.2	305853.719	515480.005	162983.816	49358.354	83479.69	11.548	216830.186	568527.891	136411.934	46499.844	127	14929	167924
France	Cooperative_banks	2005	43419.793	29288.064	14403.789	17604.514	-277.205	2029.413	772.982	8405.814	17260.593	324421.785	563327.869	163775.02	55726.904	86799.562	129.904	237605.556	590632.733	149707.202	59637.216	125	15151	169939
France	Cooperative_banks	2006	51181.241	37569.794	23176.003	18472.824	1924.257	2336.137	548.047	13506.185	14953.233	353606.66	624993.559	202878.331	62042.493	96921.465	33.688	265871.253	608609.294	210613.508	76425.072	121	15344	171797
France	Cooperative_banks	2007	61177.544	48393.492	23172.741	18684.715	2204.895	1715.233	623.976	12727.974	18771.819	390749.26	695251.074	224626.459	71328.712	110152.232	21.707	333835.708	638672.662	231535.023	86509.993	111	15445	172130
France	Cooperative_banks	2008	70429.015	58510.258	14621.681	18869.467	3142.485	651.022	300.823	3576.641	28840.694	446100.758	748239.706	276924.946	94313.623	128516.357	13.078	424826.861	677260.274	253291.983	110511.174	105	15642	169809
France	Cooperative_banks	2009	59601.464	45297.84	17591.485	18979.378	3741.296	2255.456	422.905	6496.074	19368.349	527489.951	768308.027	292981.752	78032.072	137827.036	4.842	445723.529	730742.01	272387.844	99494.889	101	15675	167251
Germany	Cooperative_banks	1999	29331	16265	3609	12078	2086	1399	908	204	11132.87	69454.91	323336.9	113032.83	18480.13	26177.12	4555.1	72270.08	384542.11	28854.25	19040	2035	15793	170950
Germany	Cooperative_banks	2000	29920	17033	4263	12547	2509	1096	1083	-85	11781	60836	332873	109969	18740	27237	6723	74315	375528	30690	19706	1792	15332	171000
Germany	Cooperative_banks	2001	30783	17928	4110	12592	2485	772	934	182	14387	67833	336558	115083	18510	27848	4058	74850	394217	31191	20207	1619	14584	169900
Germany	Cooperative_banks	2002	29958	16310	4594	12615	3110	801	948	768	13197	68572	340401	119842	17797	28719	2771	74102	399169	32724	22324	1489	13889	168950
Germany	Cooperative_banks	2003	28514	14527	4790	12915	2939	1484	999	440	13334	64100	343431	127908	17605	30309	2711	73885	405090	31290	23093	1393	13201	168250
Germany	Cooperative_banks	2004	27687	13438	4618	12963	2927	1458	1082	437	12220	67876	347983	130992	17375	31503	3497	71417	413521	31969	24539	1336	12967	164200
Germany	Cooperative_banks	2005	27287	13057	5804	13333	2545	1444	1193	1519	12733	65005	354145	142443	17651	32714	5793	72069	422937	30381	28083	1294	12722	162550
Germany	Cooperative_banks	2006	27427	13711	7206	13536	3772	829	1229	1556	13421	69083	360130	146336	19112	35159	5199	72725	428611	37108	29280	1257	12583	161200
Germany	Cooperative_banks	2007	29281	16062	5310	13056	2593	1054	1205	621	14160	81165	366836	148704	21039	37530	6461	76647	441091	39182	30993	1232	12477	160750
Germany	Cooperative_banks	2008	31770	18565	5644	12909	3901	571	1045	423	14558	96661	376592	159379	21016	38723	17485	81317	461188	38155	31338	1197	12344	159250
Germany	Cooperative_banks	2009	29846	14785	4447	13375	2723	1493	1191	726	14917	75607	389621	190039	19831	39708	24336	82200	482731	29600	31440	1157	12144	158300
Greece	Cooperative_banks	2004	99.8	35.3	12.7	34.9	13.4	10.2	8.7	10	92.4	169.6	1212.2	47.8	51.5	263.6	NA	0	1273.2	0	36.7	16	87	781
Greece	Cooperative_banks	2005	124.2	45.5	15.2	40.9	17.8	11	9.7	14.5	116	239.1	1523.4	103.5	59.9	285.3	NA	2.2	1676.9	30	47.5	16	126	875
Greece	Cooperative_banks	2006	159.4	64.2	18.89	48.6	22.5	11.8	12.2	19	83	412	1934	106	116	329	0	1	2129	30	162	16	108	946
Greece	Cooperative_banks	2007	208.1	92.9	25.2	58.9	27.4	12.9	9.8	31.4	163	414	2545	120	156	465	16	17	2665	30	205	16	115	1060
Greece	Cooperative_banks	2008	269.9	141.8	30.6	68.9	40.4	12	18.5	18.1	141.842	363.312	3073.41	118.712	192.852	493.8	15.016	159.203	2933.57	30	258.539	16	126	1204
Mexico	Cooperative_banks	2001	1393.587	927.526	310.779	545.52	62.665	27.904	0	140.751	0	1290.845	7940.364	522.494	1488.728	2077.315	0	2033.854	321.128	0	6810.132	135	NA	NA
Mexico	Cooperative_banks	2002	1407.892	825.575	165.307	579.067	-45.297	70.937	0	142.918	0	1059.841	8742.585	645.307	2001.372	2482.543	0	2192.699	341.318	0	7432.545	138	NA	NA
Mexico	Cooperative_banks	2003	1432.373	857.604	298.71	632.137	54.582	43.403	0	143.356	0	1453.949	9942.661	799.403	1983.824	2527.235	0	2531.506	541.673	0	8579.423	133	NA	NA
Mexico	Cooperative_banks	2004	1495.902	802.578	-13.533	660.728	72.303	56.239	0	-109.48	0	1601.171	9635.937	1209.079	1653.867	2562.461	0	2513.124	664.427	0	8360.043	128	NA	NA
Mexico	Cooperative_banks	2005	2236.234	1354.591	182.764	765.351	90.699	53.203	0	155.155	0	1606.895	12409.967	1720.482	1930.043	2800.305	0	3462.412	309.254	0	11095.416	127	NA	NA
Mexico	Cooperative_banks	2006	2195.814	1375.892	138.6	715.469	71.589	82.525	0	88.938	0	817.476	14589.969	2844.1	1775.038	3257.998	0	3895.213	246.418	0	12626.954	121	NA	NA
Mexico	Cooperative_banks	2007	2199.509	1360.389	141.932	719.262	120.215	82.591	0	58.983	0	697.173	15126.411	2619.743	1326.322	3275.456	0	3914.741	197.44	0	12382.013	109	NA	NA
Mexico	Cooperative_banks	2008	3540.691	2219.868	286.768	943.598	199.249	122.427	0	342.318	0	1257.533	22710.662	3342.206	2000.118	4653.16	0	5810.021	583.224	0	18264.114	123	NA	NA
Mexico	Cooperative_banks	2009	3433.795	2136.638	373.955	1042.279	196.162	113.279	0	319.391	0	1377.652	22750.636	4232.963	1991.254	4875.797	0	5999.654	507.366	0	18969.686	117	NA	NA
Poland	Cooperative_banks	1999	2083	1042	372	1041	48	115	20	190	393	4572	8181	1234	1014	1339	NA	67	12833	39	1116	781	1048	25110
Poland	Cooperative_banks	2000	2847	1449	482	1298	104	175	32	271	450	4705	10324	1305	1257	1587	0	94	14958	3	1399	680	1149	25697
Poland	Cooperative_banks	2001	3212	1644	543	1464	158	174	37	278	591	6858	11571	1082	1403	1929	0	104	17992	0	1480	642	1201	26403
Poland	Cooperative_banks	2002	2475	985	706	1550	150	140	24	332	611	6981	13275	1365	1166	2268	0	101	19514	0	1516	605	1262	26819
Poland	Cooperative_banks	2003	2002	633	732	1581	117	121	16	266	741	6177	15323	1985	1458	2622	0	92	21546	0	1424	600	1275	27161
Poland	Cooperative_banks	2004	2209.596	619.733	752.82	1677.368	82.859	104.951	24	453.505	720.8	7714.7	17491.3	1223.9	1566.2	2880.7	0.1	105.1	24010.1	0	1720.7	596	1298	27600
Poland	Cooperative_banks	2005	2484.394	714.93	706.813	1788.254	65.006	111.294	28	483.723	804	10502.1	19227.9	1656.5	1718.7	3295.5	0	46.2	28724.1	0	1843.4	588	1368	28265
Poland	Cooperative_banks	2006	2479.651	678.575	794.619	1893.44	77.797	121.044	30.2	472.24	899.641	12458.459	23899.722	2766.83	2100.778	3831.573	0.097	62.714	35979.237	0	2251.809	584	1402	28904
Poland	Cooperative_banks	2007	2990.191	819.57	868.984	2103.545	75.919	174.047	41.9	644.194	1223.307	13429.548	29177.171	2601.946	2492.625	4478.169	0.055	159.081	41773.413	0	2513.879	581	1459	30103
Poland	Cooperative_banks	2008	4046.598	1303.485	935.305	2448.944	92.276	236.773	18.008	882.416	1494.252	14479.801	35361.238	3099.562	2102.597	6120.359	0.954	364.134	48261.13	0	1790.872	579	1471	34966
Poland	Cooperative_banks	2009	3871.307	1459.7	1067.122	2500.703	99.6	182.835	27.824	667.767	1421.865	15485.53	40151.98	2438.326	2218.938	6882.61	0.058	506.872	52549.429	0	1777.67	576	1518	31719
Spain	Cooperative_banks	1999	1637	498	236	836	80	74	96	289	896	5338	22525	4421	1581	3804	123	1713	28118	6	997	94	3744	13855
Spain	Cooperative_banks	2000	1950	698	279	899	169	69	108	286	600	5957	26521	4728	1740	4289	120	1716	32217	31	1173	92	3888	14495
Spain	Cooperative_banks	2001	2396	959	286	1017	237	65	112	293	1475	6834	30993	4674	2037	4827	0	2151	37303	272	1460	89	4091	15580
Spain	Cooperative_banks	2002	2395	852	309	1116	275	51	110	300	807	6615	36195	4788	2023	5509	0	2178	41188	249	1304	85	4275	16414
Spain	Cooperative_banks	2003	2319	722	392	1204	274	71	121	318	926	6032	42473	4555	2119	6289	10	2769	45387	351	1299	84	4460	17067
Spain	Cooperative_banks	2004	2290	686	503	1289	243	75	139	361	822	6556	50107	5317	2267	7080	25	3299	52313	942	1410	83	4559	17650
Spain	Cooperative_banks	2005	2610	927	716	1374	266	79	173	508	1030	7820	65264	4898	3168	8760	230	3596	65418	2166	2010	83	4656	18395
Spain	Cooperative_banks	2006	3384	1467	679	1471	301	90	194	541	1093	9283	78819	5397	3530	9544	45	3768	79149	3016	2602	83	4772	19382
Spain	Cooperative_banks	2007	4819	2477	671	1594	445	111	239	625	1351	7900	91797	5869	3848	10572	1183	5045	86442	4587	2936	83	4953	20429
Spain	Cooperative_banks	2008	5985	3508	630	1721	652	52	222	459	1903	6029	96882	6304	4728	11778	2862	5526	89450	3592	2639	81	5097	20940
Spain	Cooperative_banks	2009	4934	2504	782	1715	995	29	171	303	1409	8622	98151	9642	5108	13452	2130	7081	94071	3771	2429	81	5043	20757
Switzerland	Cooperative_banks	1999	2402	1388	255	655	451	74	11	78	1044	5537	57406	351	1219	1490	NA	4967	46188	10594	2317	1	582	3574
Switzerland	Cooperative_banks	2000	2915	1699	311	837	199	142	12	337	904	4544	66281	3378	2034	3521	NA	6267	49190	16007	2158	1	537	4999
Switzerland	Cooperative_banks	2001	3240	1904	279	947	305	27	14	322	1036	5463	70821	3196	1893	3881	NA	6127	52893	17320	2188	1	519	5466
Switzerland	Cooperative_banks	2002	3163	1704	298	1022	212	94	16	413	997	10814	75901	2930	2041	4319	NA	9509	58804	17714	2336	1	493	5805
Switzerland	Cooperative_banks	2003	2900	1314	351	1057	287	140	17	436	1234	14288	81377	3209	2032	4788	NA	13040	65395	16828	2089	1	1239	6058
Switzerland	Cooperative_banks	2004	2853	1211	351	1162	172	154	19	487	1259	12251	86565	3277	2746	5335	NA	11002	70724	17006	2031	1	1207	6304
Switzerland	Cooperative_banks	2005	2967	1227	372	1164	170	169	21	587	1140	10130	90782	3280	2856	5954	NA	9741	72609	17832	2053	1	1174	6549
Switzerland	Cooperative_banks	2006	3211	1385	365	1209	158	169	24	631	1138	11372	95110	3098	3280	6663	NA	9786	75371	19970	2209	1	1148	6764
Switzerland	Cooperative_banks	2007	3706	1790	403	1337	143	138	26	676	1203	12340	101527	3310	4695	7377	NA	11431	79758	22153	2357	1	1154	7208
Switzerland	Cooperative_banks	2008	4033	2071	408	1447	242	117	27	537	1829	12605	108595	4076	4471	7951	NA	8496	85818	26226	3084	1	1150	7665
Switzerland	Cooperative_banks	2009	3584	1604	466	1468	187	146	29	617	1338	8800	117636	7588	4158	8600	NA	9823	94267	23888	2941	1	1145	7999
US	Cooperative_banks	1999	597.336	288.698	38.244	223.067	3.056	45.673	4.936	70.15	219.13	104.712	6245.579	1904.182	444.632	1001.821	NA	9.178	7261.663	0	645.573	77	NA	2510
US	Cooperative_banks	2000	678.333	338.666	41.329	243.037	4.603	48.96	5.52	78.876	209.602	139.244	7031.257	1991.699	541.313	1098.947	NA	11.158	8109.757	0	693.253	77	NA	2530
US	Cooperative_banks	2001	713.854	349.556	47.128	265.766	6.03	50.424	10.786	78.42	26.889	368.746	7420.148	2275.616	814.871	1182.155	NA	12.716	8941.706	0	769.693	76	NA	2678
US	Cooperative_banks	2002	681.248	272.166	49.58	289.569	5.644	58.909	7.221	97.319	34.818	375.844	7720.039	2826.372	949.566	1283.844	NA	14.569	9772.419	0	835.807	75	NA	2818
US	Cooperative_banks	2003	637.495	219.172	68.011	319.143	2.959	63.176	4.282	96.782	59.157	337.156	8226.573	3380.762	810.13	1394.177	NA	19.973	10350.733	0	1048.893	74	NA	2954
US	Cooperative_banks	2004	606.675	188.379	49.963	320.407	9.161	48.487	3.888	86.316	66.914	288.113	8658.83	2993.522	833.032	1396.492	NA	16.236	10145.464	0	1282.218	72	NA	2810
US	Cooperative_banks	2005	653.61	227.056	43.977	321.698	8.868	49.128	2.998	87.839	81.753	248.306	9191.007	2591.737	865.328	1410.741	NA	4.701	10077.814	0	1484.876	70	NA	2761
US	Cooperative_banks	2006	739.814	331.245	45.547	328.758	9.139	39.066	4.011	73.142	74.809	253.206	9733.93	2409.791	940.651	1480.377	NA	2.459	10240.015	0	1689.534	69	NA	2755
US	Cooperative_banks	2007	759.878	386.917	52.42	333.557	14.083	24.114	3.418	50.209	75.31	216.973	9715.86	2284.308	1012.053	1486.897	NA	3.27	9939.937	0	1874.402	62	NA	2657
US	Cooperative_banks	2008	755.799	350.104	-10.157	359.656	57.072	-4.337	3.309	-11.683	124.639	271.106	10578.593	2213.891	1092.566	1487.382	NA	NA	10618.9	3	2160.032	59	NA	2730
US	Cooperative_banks	2009	717.877	276.369	46.986	398.473	53.681	22.732	2.374	22.825	166.182	455.735	10698.995	2372.378	1141.813	1541.391	NA	NA	11553.307	3	1719.89	59	NA	2759
Canada	Other_monetary_ins.	1999	3459	2080	1204	1739	159	173	305	207	2432	0	37167	12801	4554	2197	0	0	49919	2060	2778	NA	NA	NA
Canada	Other_monetary_ins.	2000	749	493	321	391	5	59	27	95	2015	0	6447	1711	590	921	0	0	9091	0	751	NA	NA	NA
Canada	Other_monetary_ins.	2001	684	440	292	375	13	42	98	8	653	0	6599	1823	520	818	0	0	8104	0	673	NA	NA	NA
Canada	Other_monetary_ins.	2002	604	366	336	402	20	49	28	75	1057	0	6393	2037	735	921	0	0	8624	40	637	NA	NA	NA
Canada	Other_monetary_ins.	2003	624	372	342	418	26	47	20	83	1123	0	7430	2085	639	963	0	0	9544	41	729	NA	NA	NA
Canada	Other_monetary_ins.	2004	632	381	382	423	16	58	39	97	1111	0	8646	2068	854	1044	0	0	10818	1	816	NA	NA	NA
Canada	Other_monetary_ins.	2005	723	384	373	478	13	60	53	108	1135	0	12574	3011	746	1229	0	0	13028	1	3208	NA	NA	NA
Canada	Other_monetary_ins.	2006	919	465	619	701	16	103	71	182	1687	0	11397	6378	857	1783	0	0	15050	0	3486	NA	NA	NA
Canada	Other_monetary_ins.	2007	1095	595	711	796	9	133	131	142	2833	0	12567	5780	2803	2045	0	0	18026	0	3912	NA	NA	NA
Canada	Other_monetary_ins.	2008	1186	714	781	788	10	140	71	244	3390	0	13935	4895	4265	2406	0	0	20854	0	3225	NA	NA	NA
Canada	Other_monetary_ins.	2009	1079	590	755	814	30	116	62	222	3500	0	14290	5978	4107	2894	0	0	21756	0	3225	NA	NA	NA
Finland	Other_monetary_ins.	1999	840.05	582.021	135.115	157.592	-77.408	115.103	117.43	80.426	0.058	711.893	12262.188	2441.345	2548.31	1504.798	0	6466.765	0	8328.492	1663.74	16	5	1350
Finland	Other_monetary_ins.	2000	601.476	421.543	103.704	130.981	39.197	24.454	50.09	38.915	0.061	255.114	8773.533	776.626	1861.215	1012.143	0	6046.542	0	3817.732	790.131	16	11	1285
Finland	Other_monetary_ins.	2001	636.407	414.879	85.935	152.391	35.179	34.424	114.839	-29.369	2.98	358.656	12555.999	1056.504	2129.123	1688.466	0	8688.862	0	3383.695	2342.238	16	11	1282
Finland	Other_monetary_ins.	2002	693.829	424.765	86.004	144.117	12.381	53.839	114.602	30.13	3.625	356.566	10397.166	736.637	1885.613	1587.993	0	7015.935	0	3489.889	1285.79	14	0	1132
Finland	Other_monetary_ins.	2003	584.95	317.147	95.014	149.051	-0.807	62.201	41.517	110.855	4.888	267.303	10138.547	1114.464	1829.029	1678.944	0	6451.721	0	3864.889	1358.677	13	0	1101
Finland	Other_monetary_ins.	2004	439.555	247.884	76.695	136.018	12.55	37.059	143.094	-60.354	4.614	251.862	9354.996	1221.849	1377.314	963.858	0	4957.313	0	4664.644	1624.82	10	0	984
Finland	Other_monetary_ins.	2005	483.628	283.943	67.989	124.04	2.482	35.843	52.313	52.996	7.419	278.307	11613.938	1342.12	1391.523	1016.78	0	5221.576	0	6556.36	1838.591	10	0	1012
Finland	Other_monetary_ins.	2006	639.787	425.764	102.015	142.4	30.702	32.627	4.343	105.967	8.375	462.238	14102.698	2042.277	1574.295	1187.121	0	5811.688	0	8681.696	2509.378	10	0	1073
Finland	Other_monetary_ins.	2007	989.455	730.517	78.533	143.808	51.545	36.798	49.574	55.746	15.725	621.384	17010.997	2082.814	1853.511	1334.919	0	6509.205	0	10851.449	2888.858	10	0	1116
Finland	Other_monetary_ins.	2008	1264.22	986.13	75.041	159.752	26.939	37.655	52.09	76.695	23.975	752.639	20835.534	3786.354	3458.042	1303.503	0	8001.696	1039.104	15810.646	2701.595	10	0	1204
Finland	Other_monetary_ins.	2009	895.549	600.023	51.17	178.116	20.295	40.385	51.127	56.773	47.292	454.137	24572.388	4165.111	2789.312	1491.788	0	7838.994	0	19145.721	3551.737	7	0	1190
France	Other_monetary_ins.	2004	102.877	40.629	32.152	69.794	6.402	4.215	0.532	13.457	39.215	683.01	916.007	163.834	109.123	325.431	0	676.979	307.913	489.176	111.69	21	109	987
France	Other_monetary_ins.	2005	101.949	37.051	33.163	71.967	11.618	6.626	0.47	7.38	22.007	458.111	905.461	204.208	106.452	343.292	0	590.944	319.77	335.848	106.379	21	73	960
France	Other_monetary_ins.	2006	80.179	27.904	66.477	57.444	4.741	8.628	0.302	47.637	15.133	415.39	671.713	107.845	85.272	301.717	0	382.434	230.172	237.457	143.57	19	58	742
France	Other_monetary_ins.	2007	76.264	26.646	14.878	54.192	-2.359	3.157	1.304	8.202	16.535	311.762	665.101	105.764	85.288	308.514	0	358.451	225.755	193.149	98.576	19	54	715
France	Other_monetary_ins.	2008	75.202	26.449	18.04	54.03	-0.645	4.149	0.297	8.962	15.971	237.504	590.819	250.153	72.081	314.332	0	326.423	302.148	125.192	98.437	19	60	699
France	Other_monetary_ins.	2009	75.589	21.856	13.58	53.733	0.893	4.541	1.364	6.782	16.563	324.15	686.409	123.417	83.31	322.892	0	348.683	258.578	210.954	92.741	19	58	692
Germany	Other_monetary_ins.	1999	80691	70980	1927	7149	897	1542	990	1060	4760.13	591869.94	609790.21	372527.26	91551.93	51269.8	29823.66	625354.97	401389.69	465390.14	97270.21	17	679	48200
Germany	Other_monetary_ins.	2000	96561	86354	3887	7802	2614	1636	948	1094	5806	617186	638590	429067	98919	55881	39227	650061	425526	522050	96823	17	663	49150
Germany	Other_monetary_ins.	2001	99269	88270	2748	8571	3037	411	983	745	7364	632260	648774	468698	81760	63337	20889	660308	461817	548442	84063	15	622	49750
Germany	Other_monetary_ins.	2002	85609	74452	3019	8345	4220	372	851	388	6006	675770	642910	468213	63535	72721	14683	675524	442791	560381	90334	16	565	47900
Germany	Other_monetary_ins.	2003	76712	65516	1358	8001	6737	359	983	-3526	9241	648663	611784	458818	58136	73287	20954	601676	457359	550416	82950	15	583	45900
Germany	Other_monetary_ins.	2004	72996	62162	-949	7666	1527	755	896	-959	6910	665057	537904	449492	56421	65158	30143	580547	430242	525187	84507	14	560	43600
Germany	Other_monetary_ins.	2005	80792	69736	765	8114	271	423	1075	1938	5545	680903	588260	482168	53210	70885	48588	598329	456290	555693	80301	14	591	45150
Germany	Other_monetary_ins.	2006	89017	77978	2747	8741	-1351	450	1522	4424	5324	646650	626865	535380	61797	73957	70867	629889	458911	552695	89697	14	507	44400
Germany	Other_monetary_ins.	2007	103430	91288	-264	8248	3217	-366	1143	-362	7332	626860	697773	592891	66639	75839	110367	676696	477624	559410	91559	14	496	44750
Germany	Other_monetary_ins.	2008	105376	91625	542	8340	12420	71	230	-6768	11947	540595	731193	551352	89401	77940	88108	588846	522718	538097	108779	12	494	44350
Germany	Other_monetary_ins.	2009	68236	55641	1479	8228	10379	191	-2147	-2577	9187	470069	691524	513706	83206	85396	50596	510724	485333	521556	114087	12	486	43750
Korea	Other_monetary_ins.	1999	8722000	6192000	704000	1695000	1195000	53000	19000	272000	5272000	1584000	68140000	0	43127000	1971000	1491000	818000	60373000	7720000	45751000	4	1406	20500
Korea	Other_monetary_ins.	2000	10044000	6771000	-955000	1737000	448000	104000	46000	-17000	3648000	2140000	78056000	0	54743000	1406000	1411000	150000	79459000	7488000	48670000	3	1367	19500
Korea	Other_monetary_ins.	2001	11064000	6999000	-69000	1664000	1142000	206000	89000	896000	4983000	1858000	85891000	0	66883000	3104000	2126000	0	92941000	7138000	54307000	3	1352	18800
Korea	Other_monetary_ins.	2002	11443000	6617000	117000	1788000	1354000	380000	126000	1296000	5036000	3932000	104472000	0	70710000	3656000	1936000	291000	102840000	11383000	64044000	3	1368	18800
Korea	Other_monetary_ins.	2003	11760000	6463000	239000	2029000	2540000	168000	156000	644000	3670000	2753000	120251000	0	75295000	3994000	1988000	50000	112785000	14588000	68565000	3	1371	19000
Korea	Other_monetary_ins.	2004	13291339.162	6691711.988	329365.817	2997784.607	2055252.295	380427.66	134000	1361528.427	6970552.679	1487889.504	148718954.744	50990316.135	21808661.455	7260071.71	2306115	149000	144834799.722	15787925	59638463.084	1071	2885	27500
Korea	Other_monetary_ins.	2005	13349390.72	6613456.65	199177.775	3311122.041	1195430.022	475909.209	270000	1684650.573	6451263.415	1288288.958	171365953.792	56488376.244	21108503.941	8691432.374	2469954	110000	156285240.376	23498078	65647681.602	1056	2957	27714
Korea	Other_monetary_ins.	2006	15655885.748	8500118.141	246631.829	3602632.138	809011.038	580250.158	362000	2048506.102	8987830.984	3664751.427	200892698.96	57491917.674	22865504.587	10508529.133	2717011.808	45000	167173107.679	41625870	71833185.011	1029	3038	28146
Korea	Other_monetary_ins.	2007	18732526.79	11076114.627	1410891.73	4195249.039	1342758.973	752699.502	405000	2371596.378	10725466.581	3381967.684	230965566.722	58328326.487	24102326.245	10886938.638	2683492.581	113000	180135893.583	57361958	76322370.918	1012	3231	29051
Korea	Other_monetary_ins.	2008	22357303	14241155	239527	4433020	2116053	577324	170000	1061278	11816645	2416225	270597328	59995254	33698518	11382794	3327916	83000	203235274	74305025	86189961	999	3373	32043
Korea	Other_monetary_ins.	2009	20617854.162	12304175.734	215051.991	4272075.109	2432948.977	482908.995	392670	948127.338	13784759.359	1766160.649	286159436.86	60363728.552	33427672.738	14017296.267	3274121.7	0	222211209.44	82379801	73619329.751	987	3418	31713
Mexico	Other_monetary_ins.	2000	72924.9	64771.39	-835.066	9565.487	2464.354	318.501	-323.667	-4706.23	54.816	0	383344.766	72932.061	43274.382	28806.797	0	76366.911	198945.817	0	195486.5	5	404	10916
Mexico	Other_monetary_ins.	2001	60769.177	56052.9	2981.564	9590.603	611.864	82.964	2.954	-2587.59	78.584	0	377102.69	105819.96	47203.003	22616.165	0	86137.843	242120.626	0	179329.603	5	390	10443
Mexico	Other_monetary_ins.	2002	52569.144	45516.983	1959.655	10096.759	8237.326	329.287	33.292	-9684.848	137.735	0	512298.099	145566.543	67575.791	41547.865	0	122265.674	334184.439	0	227580.19	6	976	9993
Mexico	Other_monetary_ins.	2003	55082.573	47504.961	2566.728	7432.268	1838.496	548.929	-57.35	381.997	258.93	0	461838.947	99272.606	77416.028	37015.302	0	109062.074	294215.929	0	198493.207	6	754	5665
Mexico	Other_monetary_ins.	2004	56761.68	48292.03	2407.028	7119.074	2838.088	673.575	-162.278	408.22	281.712	0	444152.544	69182.466	69362.602	38846.47	0	84342.261	287429.604	0	172360.99	6	721	5677
Mexico	Other_monetary_ins.	2005	78119.475	70543.855	3460.597	7017.434	1991.303	1239.159	-183.652	971.973	422.926	0	433158.477	71280.816	75340.4	42117.988	0	61702.695	330340.37	0	146041.565	6	721	5961
Mexico	Other_monetary_ins.	2006	65436.403	56040.353	3704.519	7200.573	2775.811	1069.633	-149.729	2204.281	421.089	0	307182.339	77459.252	80327.867	51263.732	0	52851.085	292783.396	0	68492.332	6	681	5923
Mexico	Other_monetary_ins.	2007	63317.493	57827.032	5411.53	7380.434	990.618	1780.153	-406.74	1157.526	51185.445	30466.387	255962.292	86834.888	17627.007	57126.749	2000	78665.87	288119.882	0	16163.519	6	665	5916
Mexico	Other_monetary_ins.	2008	66978.68	55715.632	5331.423	7364.864	6935.817	1456.707	-294.053	1131.137	32425.995	30733.442	313571.896	122791.505	21630.089	56668.961	11053.557	100200.949	320672.35	0	32557.11	6	640	5842
Mexico	Other_monetary_ins.	2009	57990.001	45591.134	6786.517	8897.091	6176.048	405.448	0	3706.797	32638.656	37870.227	357447.028	357580.463	39116.445	60917.988	15871.939	109347.917	359802.113	0	278712.861	6	649	5862
US	Other_monetary_ins.	1999	38571.726	19485.342	3581.31	15141.78	1482.74	794.598	4574.642	673.934	28242.341	NA	376214.436	76464.065	85363.191	59944.373	NA	NA	281180.621	455.316	224703.723	11224	NA	198494
US	Other_monetary_ins.	2000	41453.973	21565.609	3819.103	16034.664	1463.06	654.021	5064.232	491.49	6661.859	21482.058	407458.189	93844.977	58395.718	64791.415	NA	NA	278680.588	450.576	243920.223	10869	NA	197558
US	Other_monetary_ins.	2001	42731.33	21899.734	5123.325	17641.948	1740.917	746.059	5335.388	490.609	7171.26	31351.684	427320.738	117723.709	68758.064	69746.675	NA	NA	306184.782	301.453	276092.548	10515	NA	207676
US	Other_monetary_ins.	2002	40202.891	16635.998	5627.012	19264.052	2023.024	770.872	6166.068	969.889	8159.506	32284.735	450724.134	132902.871	90796.386	76276.492	NA	NA	334467.429	1.192	304122.52	10192	NA	212895
US	Other_monetary_ins.	2003	37635.161	13394.286	6755.088	20540.721	2206.166	811.21	6391.898	1045.968	8584.703	34827.641	485519.45	127138.256	116315.006	82057.709	NA	NA	361873.428	1.226	328451.896	9853	NA	222240
US	Other_monetary_ins.	2004	37463.429	12133.11	6943.514	21898.088	2335.361	760.215	6812.845	467.324	8382.249	33628.789	533386.897	111377.605	129246.193	87734.066	NA	NA	376870.893	1.684	351415.092	9469	NA	227421
US	Other_monetary_ins.	2005	41480.334	15494.503	8296.468	23190.49	2782.143	937.506	6384.651	987.509	8889.874	31472.98	585612.707	113143.718	111516.982	93001.329	NA	NA	377495.649	3.126	380136.149	9126	NA	232580
US	Other_monetary_ins.	2006	48779.302	22127.068	8787.669	24952.769	2373.544	847.647	6585.254	680.689	8466.123	37522.79	631930.629	73139.411	144456.297	100524.55	NA	NA	366131.889	3.725	428855.096	8852	NA	242294
US	Other_monetary_ins.	2007	54636.892	27315.391	8627.937	26875.034	4217.391	-10.604	5517.712	-650.193	8479.394	36525.13	668853.359	82431.161	161422.034	106364.13	NA	NA	374878.398	4.627	476463.915	8573	NA	251288
US	Other_monetary_ins.	2008	53040.425	23658.722	2784.386	29875.158	10350.899	342.07	288.556	-5165.037	9140.656	34707.87	681310.638	86913.742	173421.587	95397.16	NA	NA	365135.268	3.952	524958.105	8256	NA	243212
US	Other_monetary_ins.	2009	49006.382	17531.941	9884.846	27728.656	10821.953	349.927	4656.186	333.792	8707.227	54398.831	670981.128	106673.134	211403.32	103331.835	NA	NA	409819.324	3.15	539014.713	7990	NA	242035
Russia	Other_monetary_ins.	2004	363.503	82.937	1164.63	1037.774	9.911	103.274	NA	291.72	36804.794	NA	1107.337	383.061	2065.819	2845.687	0	124.546	92.822	0	37297.956	50	6	NA
Russia	Other_monetary_ins.	2005	490.764	73.421	1603.825	1370.362	20.896	157.509	NA	471.412	46965.754	NA	1130.305	754.812	2683.788	3649.1	0	111.709	417.886	0	47355.964	48	12	NA
Russia	Other_monetary_ins.	2006	908.201	82.994	2071.504	1841.537	-8.391	276.779	NA	784.363	77432.397	NA	1879.255	1705.917	6374.184	5333.177	4.9	76.687	712.147	0	81264.842	46	9	NA
Russia	Other_monetary_ins.	2007	1610.778	90.709	2939.922	2549.261	43.366	473.545	NA	1387.134	80241.032	NA	2064.358	6449.101	6192.904	4649.186	9.5	94.031	2622.409	0	87572.269	44	13	NA
Russia	Other_monetary_ins.	2008	2818.416	280.747	3680.992	3533.869	47.024	NA	NA	NA	123275.677	NA	3129.766	6117.083	59000.887	6386.454	147.648	170.908	1953.101	0	182865.302	50	15	NA
Russia	Other_monetary_ins.	2009	3761.323	498.11	4736.766	4636.09	-302.985	808.882	75	2782.992	77112.487	0	1217.207	15614.173	11858.03	9490.344	5.4	234.163	960.592	0	95111.398	51	20	NA
Greece	Cooperative_banks	2009	NA	NA	NA	NA	NA	NA	NA	NA	159.521	834.291	3394.702	149.179	188.128	542.548	45.52	192.046	3607.655	30	308.052	NA	NA	NA
